Player,Age,Tm,Pos,GP,G,A,PTS,plus_minus,PIM,PS,EV,PP,SH,GW,EV_assists,PP_assists,SH_assists,S,S_pct,TOI,BLK,HIT,FOW,FOL,FO_pct
Vitaly Abramov,20,OTT,RW,1,0,0,0,-3,0,-0.1,0,0,0,0,0,0,0,0,,14,1,0,0,0,
Mark Alt,27,COL,D,2,0,0,0,0,0,0.0,0,0,0,0,0,0,0,2,0.0,20,2,0,0,0,
Darren Archibald,28,OTT,RW,3,0,0,0,-2,0,-0.1,0,0,0,0,0,0,0,2,0.0,20,1,2,0,0,
Nicolas Aube-Kubel,22,PHI,RW,9,0,0,0,1,0,0.0,0,0,0,0,0,0,0,2,0.0,50,0,14,0,0,
Jake Bean,20,CAR,D,2,0,0,0,0,2,0.0,0,0,0,0,0,0,0,1,0.0,17,0,1,0,0,
Louis Belpedio,22,MIN,D,2,0,0,0,0,0,0.0,0,0,0,0,0,0,0,0,,26,4,1,0,0,
Anthony Bitetto,28,MIN,D,18,0,0,0,-8,4,-0.2,0,0,0,0,0,0,0,15,0.0,237,13,40,0,0,
Colin Blackwell,25,NSH,C,6,0,0,0,-1,2,-0.1,0,0,0,0,0,0,0,5,0.0,58,3,10,13,16,44.8
Joseph Blandisi,24,PIT,C,6,0,0,0,0,0,-0.1,0,0,0,0,0,0,0,7,0.0,35,1,6,0,0,
Joseph Blandisi,24,ANA,C,3,0,0,0,-1,6,-0.1,0,0,0,0,0,0,0,1,0.0,32,0,4,0,0,
Anton Blidh,23,BOS,LW,1,0,0,0,0,0,0.0,0,0,0,0,0,0,0,0,,14,1,6,0,0,
William Borgen,22,BUF,D,4,0,0,0,-5,0,-0.3,0,0,0,0,0,0,0,2,0.0,66,3,12,0,0,
Reid Boucher,25,VAN,C,1,0,0,0,0,0,0.0,0,0,0,0,0,0,0,0,,5,0,1,0,0,
Erik Brannstrom,19,OTT,D,2,0,0,0,0,0,0.0,0,0,0,0,0,0,0,0,,36,1,1,0,0,
Guillaume Brisebois,21,VAN,D,8,0,0,0,-4,0,-0.2,0,0,0,0,0,0,0,5,0.0,88,7,3,0,0,
Logan Brown,20,OTT,C,2,0,0,0,-2,0,-0.1,0,0,0,0,0,0,0,2,0.0,21,1,0,2,6,25.0
Erik Burgdoerfer,30,OTT,D,4,0,0,0,-1,2,0.0,0,0,0,0,0,0,0,2,0.0,43,0,16,0,0,
Kyle Capobianco,21,ARI,D,2,0,0,0,-2,0,-0.1,0,0,0,0,0,0,0,1,0.0,32,2,2,0,0,
Paul Carey,30,OTT,C,5,0,0,0,0,0,-0.1,0,0,0,0,0,0,0,1,0.0,46,2,2,1,3,25.0
Paul Carey,30,BOS,C,2,0,0,0,0,0,0.0,0,0,0,0,0,0,0,3,0.0,29,1,1,0,0,
Gabriel Carlsson,22,CBJ,D,1,0,0,0,-1,2,-0.1,0,0,0,0,0,0,0,1,0.0,9,0,0,0,0,
Trevor Carrick,24,CAR,D,1,0,0,0,-1,5,-0.1,0,0,0,0,0,0,0,0,,11,1,1,0,0,
Jake Chelios,27,DET,D,5,0,0,0,0,2,0.1,0,0,0,0,0,0,0,5,0.0,86,5,7,0,0,
Adam Clendening,26,CBJ,D,4,0,0,0,1,0,0.1,0,0,0,0,0,0,0,3,0.0,43,3,1,0,0,
Cory Conacher,29,TBL,LW,1,0,0,0,0,2,0.0,0,0,0,0,0,0,0,1,0.0,9,0,0,0,0,
Adam Cracknell,33,ANA,RW,2,0,0,0,-1,0,-0.1,0,0,0,0,0,0,0,3,0.0,21,0,6,0,0,
Marko Da≈ào,24,COL,C,8,0,0,0,-1,7,-0.1,0,0,0,0,0,0,0,3,0.0,55,3,16,0,5,0.0
Laurent Dauphin,23,ARI,C,1,0,0,0,-1,0,-0.1,0,0,0,0,0,0,0,2,0.0,12,1,0,0,1,0.0
Chase De Leo,23,ANA,C,1,0,0,0,1,0,0.0,0,0,0,0,0,0,0,4,0.0,13,0,1,0,0,
Phillip Di Giuseppe,25,NSH,LW,3,0,0,0,-1,0,-0.1,0,0,0,0,0,0,0,4,0.0,35,3,5,0,0,
Patrick Eaves,34,ANA,RW,7,0,0,0,-4,4,-0.3,0,0,0,0,0,0,0,6,0.0,97,1,14,0,0,
Andreas Englund,23,OTT,D,3,0,0,0,-2,10,-0.1,0,0,0,0,0,0,0,2,0.0,40,2,5,0,0,
Justin Falk,30,OTT,D,10,0,0,0,-4,11,-0.2,0,0,0,0,0,0,0,7,0.0,129,9,36,0,0,
Steven Fogarty,25,NYR,C,10,0,0,0,-1,0,-0.2,0,0,0,0,0,0,0,9,0.0,78,3,6,8,19,29.6
Trent Frederic,20,BOS,C,15,0,0,0,-4,15,-0.4,0,0,0,0,0,0,0,19,0.0,141,3,18,41,40,50.6
Mark Friedman,23,PHI,D,1,0,0,0,-1,0,-0.1,0,0,0,0,0,0,0,1,0.0,13,0,1,0,0,
Dylan Gambrell,22,SJS,C,8,0,0,0,1,2,-0.1,0,0,0,0,0,0,0,6,0.0,69,1,13,20,19,51.3
Cameron Gaunce,28,TBL,D,2,0,0,0,3,7,0.2,0,0,0,0,0,0,0,2,0.0,31,1,4,0,0,
Timothy Gettinger,20,NYR,LW,4,0,0,0,0,0,0.0,0,0,0,0,0,0,0,2,0.0,30,3,15,0,0,
Brandon Gignac,21,NJD,C,1,0,0,0,-2,0,-0.1,0,0,0,0,0,0,0,1,0.0,9,1,0,0,0,
Dennis Gilbert,22,CHI,D,1,0,0,0,0,2,0.0,0,0,0,0,0,0,0,0,,13,1,6,0,0,
John Gilmour,25,NYR,D,5,0,0,0,-3,4,-0.2,0,0,0,0,0,0,0,9,0.0,80,13,3,0,0,
Stephen Gionta,35,NYI,C,5,0,0,0,-4,0,-0.2,0,0,0,0,0,0,0,4,0.0,44,2,14,20,17,54.1
Cody Goloubef,29,OTT,D,5,0,0,0,0,2,0.0,0,0,0,0,0,0,0,3,0.0,54,5,13,0,0,
Tyrell Goulbourne,25,PHI,LW,2,0,0,0,0,0,0.0,0,0,0,0,0,0,0,3,0.0,15,0,6,0,0,
Anthony Greco,25,FLA,RW,1,0,0,0,-3,0,-0.1,0,0,0,0,0,0,0,2,0.0,10,0,0,0,0,
Eric Gryba,30,NJD,D,10,0,0,0,-1,10,0.1,0,0,0,0,0,0,0,11,0.0,153,16,21,0,0,
Brendan Guhle,21,BUF,D,2,0,0,0,1,2,0.1,0,0,0,0,0,0,0,1,0.0,23,0,1,0,0,
Joel Hanley,27,DAL,D,16,0,0,0,0,2,0.4,0,0,0,0,0,0,0,9,0.0,219,16,16,0,0,
Joe Hicketts,22,DET,D,11,0,0,0,-9,0,-0.5,0,0,0,0,0,0,0,16,0.0,204,27,17,0,0,
Joshua Jacobs,22,NJD,D,1,0,0,0,-1,0,-0.1,0,0,0,0,0,0,0,1,0.0,15,1,2,0,0,
Jakub Jerabek,27,STL,D,1,0,0,0,-3,2,-0.2,0,0,0,0,0,0,0,1,0.0,8,1,0,0,0,
Brady Keeper,22,FLA,D,1,0,0,0,1,0,0.1,0,0,0,0,0,0,0,1,0.0,13,1,2,0,0,
Justin Kloos,25,ANA,C,1,0,0,0,0,0,0.0,0,0,0,0,0,0,0,2,0.0,7,0,2,0,0,
Ryan Kuffner,22,DET,LW,10,0,0,0,-4,0,-0.3,0,0,0,0,0,0,0,8,0.0,109,5,4,0,2,0.0
Janne Kuokkanen,20,CAR,C,7,0,0,0,-2,4,-0.2,0,0,0,0,0,0,0,6,0.0,76,3,0,0,0,
Nick Lappin,26,NJD,RW,11,0,0,0,-6,0,-0.4,0,0,0,0,0,0,0,11,0.0,151,3,16,5,1,83.3
Curtis Lazar,23,CGY,C,1,0,0,0,-1,0,0.0,0,0,0,0,0,0,0,0,,5,1,0,3,1,75.0
Mark Letestu,33,CBJ,C,2,0,0,0,-1,0,-0.1,0,0,0,0,0,0,0,1,0.0,19,0,3,5,1,83.3
Ryan Lindgren,20,NYR,D,5,0,0,0,-6,8,-0.4,0,0,0,0,0,0,0,8,0.0,73,9,11,0,0,
Anton Lindholm,24,COL,D,2,0,0,0,-1,0,-0.1,0,0,0,0,0,0,0,0,,14,1,1,0,0,
Blake Lizotte,21,LAK,C,1,0,0,0,-1,0,-0.1,0,0,0,0,0,0,0,1,0.0,11,1,0,4,4,50.0
Ryan Lomberg,24,CGY,LW,4,0,0,0,0,17,-0.1,0,0,0,0,0,0,0,1,0.0,28,0,12,0,0,
Derek MacKenzie,37,FLA,C,1,0,0,0,0,0,0.0,0,0,0,0,0,0,0,0,,3,0,0,2,1,66.7
Brad Malone,29,EDM,C,16,0,0,0,0,4,-0.2,0,0,0,0,0,0,0,13,0.0,143,5,35,32,40,44.4
Maxim Mamin,24,FLA,C,7,0,0,0,-2,5,-0.2,0,0,0,0,0,0,0,8,0.0,51,1,10,0,1,0.0
Cooper Marody,22,EDM,C,6,0,0,0,-1,0,-0.1,0,0,0,0,0,0,0,6,0.0,41,0,0,9,17,34.6
Dylan McIlrath,26,DET,D,7,0,0,0,2,4,0.3,0,0,0,0,0,0,0,6,0.0,106,7,19,0,0,
Cody McLeod,34,NSH,LW,7,0,0,0,-3,7,-0.2,0,0,0,0,0,0,0,1,0.0,35,1,16,0,0,
Dakota Mermis,25,ARI,D,1,0,0,0,1,0,0.1,0,0,0,0,0,0,0,0,,11,0,0,0,0,
Marc Methot,33,DAL,D,9,0,0,0,-3,6,0.0,0,0,0,0,0,0,0,3,0.0,152,10,15,0,0,
Samuel Morin,23,PHI,D,5,0,0,0,-3,4,-0.2,0,0,0,0,0,0,0,5,0.0,62,7,9,0,0,
Ryan Murphy,25,MIN,D,2,0,0,0,1,0,0.1,0,0,0,0,0,0,0,1,0.0,19,2,1,0,0,
Jacob Nilsson,25,CHI,C,2,0,0,0,-2,0,-0.1,0,0,0,0,0,0,0,0,,16,1,1,3,5,37.5
Nelson Nogier,22,WPG,D,1,0,0,0,0,0,0.0,0,0,0,0,0,0,0,1,0.0,10,1,0,0,0,
Logan O'Connor,22,COL,RW,5,0,0,0,-2,0,-0.1,0,0,0,0,0,0,0,1,0.0,34,1,4,0,3,0.0
Danny O'Regan,25,BUF,C,1,0,0,0,0,0,0.0,0,0,0,0,0,0,0,2,0.0,12,0,0,1,0,100.0
Anthony Peluso,29,CGY,RW,4,0,0,0,-1,7,-0.1,0,0,0,0,0,0,0,1,0.0,16,0,4,0,0,
Rem Pitlick,21,NSH,C,1,0,0,0,0,2,0.0,0,0,0,0,0,0,0,0,,10,0,0,0,0,
Nate Prosser,32,MIN,D,15,0,0,0,1,2,0.3,0,0,0,0,0,0,0,10,0.0,153,13,17,0,0,
Brogan Rafferty,23,VAN,D,2,0,0,0,-1,0,0.0,0,0,0,0,0,0,0,3,0.0,27,2,0,0,0,
Sheldon Rempal,23,LAK,RW,7,0,0,0,-1,0,-0.1,0,0,0,0,0,0,0,3,0.0,61,1,0,0,0,
Anthony Richard,22,NSH,C,1,0,0,0,-1,0,-0.1,0,0,0,0,0,0,0,0,,7,1,0,0,0,
Eric Robinson,23,CBJ,LW,13,0,0,0,-4,0,-0.4,0,0,0,0,0,0,0,18,0.0,154,1,24,0,0,
Jack Rodewald,24,OTT,RW,6,0,0,0,0,0,-0.1,0,0,0,0,0,0,0,2,0.0,42,3,8,0,0,
Kevin Roy,25,ANA,C,3,0,0,0,-1,0,-0.1,0,0,0,0,0,0,0,2,0.0,39,2,0,0,0,
Nicolas Roy,21,CAR,C,6,0,0,0,0,2,-0.1,0,0,0,0,0,0,0,1,0.0,42,1,7,21,18,53.8
Patrick Russell,26,EDM,RW,6,0,0,0,0,2,-0.1,0,0,0,0,0,0,0,6,0.0,53,2,9,0,0,
Kerby Rychel,24,CGY,LW,2,0,0,0,-1,0,-0.1,0,0,0,0,0,0,0,1,0.0,18,1,3,0,1,0.0
Luke Schenn,29,ANA,D,8,0,0,0,-6,7,-0.3,0,0,0,0,0,0,0,7,0.0,96,8,24,0,0,
Kole Sherwood,22,CBJ,RW,2,0,0,0,0,0,0.0,0,0,0,0,0,0,0,2,0.0,18,1,10,0,0,
Gemel Smith,24,BOS,C,3,0,0,0,-3,0,-0.2,0,0,0,0,0,0,0,3,0.0,30,0,2,0,0,
Nikita Soshnikov,25,STL,RW,5,0,0,0,-1,0,-0.1,0,0,0,0,0,0,0,1,0.0,36,2,5,0,0,
Lee Stempniak,35,BOS,RW,2,0,0,0,-1,0,-0.1,0,0,0,0,0,0,0,0,,16,0,2,0,0,
Kevin Stenlund,22,CBJ,C,4,0,0,0,0,4,-0.1,0,0,0,0,0,0,0,3,0.0,44,1,3,3,3,50.0
Riley Stillman,20,FLA,D,1,0,0,0,0,2,0.0,0,0,0,0,0,0,0,1,0.0,11,0,5,0,0,
Nico Sturm,23,MIN,C,2,0,0,0,0,0,0.0,0,0,0,0,0,0,0,7,0.0,26,2,3,5,12,29.4
Libor Sulak,24,DET,D,6,0,0,0,-4,6,-0.2,0,0,0,0,0,0,0,7,0.0,116,5,18,0,0,
Andrej Sustr,28,ANA,D,5,0,0,0,0,6,0.1,0,0,0,0,0,0,0,6,0.0,60,7,3,0,0,
Matt Tennyson,28,BUF,D,4,0,0,0,-4,0,-0.2,0,0,0,0,0,0,0,4,0.0,43,2,10,0,0,
Josh Teves,23,VAN,D,1,0,0,0,-1,2,-0.1,0,0,0,0,0,0,0,0,,14,1,4,0,0,
Chris Thorburn,35,STL,RW,1,0,0,0,0,0,0.0,0,0,0,0,0,0,0,0,,2,0,1,0,0,
Dominic Turgeon,22,DET,C,4,0,0,0,-3,0,-0.2,0,0,0,0,0,0,0,2,0.0,50,3,3,8,13,38.1
Urho Vaakanainen,20,BOS,D,2,0,0,0,-1,0,-0.1,0,0,0,0,0,0,0,2,0.0,18,0,0,0,0,
Dale Weise,30,MTL,RW,9,0,0,0,-2,4,-0.2,0,0,0,0,0,0,0,5,0.0,91,5,21,4,2,66.7
Colton White,21,NJD,D,3,0,0,0,-2,2,-0.1,0,0,0,0,0,0,0,1,0.0,43,2,2,0,0,
Chris Wideman,29,FLA,D,1,0,0,0,-1,2,-0.1,0,0,0,0,0,0,0,2,0.0,12,0,2,0,0,
Jakub Zboril,21,BOS,D,2,0,0,0,0,0,0.0,0,0,0,0,0,0,0,1,0.0,22,0,3,0,0,
Valentin Zykov,23,EDM,LW,5,0,0,0,-1,2,-0.1,0,0,0,0,0,0,0,0,,36,1,2,0,0,
Karl Alzner,30,MTL,D,9,0,1,1,1,2,0.3,0,0,0,0,1,0,0,8,0.0,156,10,13,0,0,
Jaret Anderson-Dolan,19,LAK,C,5,0,1,1,-2,0,-0.1,0,0,0,0,1,0,0,6,0.0,58,2,5,4,5,44.4
Justin Bailey,23,PHI,RW,11,0,1,1,0,2,0.0,0,0,0,0,1,0,0,5,0.0,63,5,9,0,0,
Daniel Brickley,23,LAK,D,4,0,1,1,-2,0,0.0,0,0,0,0,1,0,0,2,0.0,51,4,5,0,0,
Sam Carrick,26,ANA,C,6,0,1,1,-1,2,0.0,0,0,0,0,1,0,0,5,0.0,61,2,15,19,18,51.4
Connor Clifton,23,BOS,D,19,0,1,1,5,15,0.8,0,0,0,0,1,0,0,22,0.0,336,13,40,0,0,
Zac Dalpe,29,CBJ,RW,1,0,1,1,1,0,0.1,0,0,0,0,1,0,0,1,0.0,9,0,0,0,1,0.0
Brandon Davidson,27,CHI,D,10,0,1,1,-4,15,-0.2,0,0,0,0,1,0,0,7,0.0,138,15,17,0,0,
Matt Donovan,28,NSH,D,2,0,1,1,0,2,0.1,0,0,0,0,1,0,0,1,0.0,15,3,0,0,0,
Jake Dotchin,24,ANA,D,20,0,1,1,-4,39,0.1,0,0,0,0,0,0,1,7,0.0,236,16,54,0,0,
Justin Dowling,28,DAL,C,11,0,1,1,-4,0,-0.2,0,0,0,0,1,0,0,9,0.0,139,7,11,31,28,52.5
Remi Elie,23,BUF,LW,16,0,1,1,-3,2,-0.3,0,0,0,0,1,0,0,9,0.0,166,3,30,1,0,100.0
Stefan Elliott,28,OTT,D,3,0,1,1,1,0,0.2,0,0,0,0,1,0,0,3,0.0,27,1,2,0,0,
Oscar Fantenberg,27,CGY,D,15,0,1,1,5,7,0.6,0,0,0,0,1,0,0,16,0.0,237,9,19,0,0,
Haydn Fleury,22,CAR,D,20,0,1,1,4,2,0.7,0,0,0,0,1,0,0,17,0.0,251,21,25,0,0,
Tanner Fritz,27,NYI,C,8,0,1,1,-3,2,-0.2,0,0,0,0,1,0,0,6,0.0,87,6,18,17,24,41.5
Ben Gleason,20,DAL,D,4,0,1,1,-1,0,0.1,0,0,0,0,1,0,0,2,0.0,60,1,2,0,0,
Brendan Guhle,21,ANA,D,6,0,1,1,-3,2,0.0,0,0,0,0,1,0,0,14,0.0,97,7,8,0,0,
Dillon Heatherington,23,DAL,D,5,0,1,1,4,0,0.5,0,0,0,0,1,0,0,5,0.0,51,2,6,0,0,
Matt Hendricks,37,WPG,C,4,0,1,1,0,0,0.0,0,0,0,0,1,0,0,3,0.0,32,3,9,1,0,100.0
Justin Holl,27,TOR,D,11,0,1,1,-5,2,-0.2,0,0,0,0,1,0,0,6,0.0,137,5,9,0,0,
Luke Johnson,24,CHI,C,15,0,1,1,-8,8,-0.5,0,0,0,0,0,1,0,19,0.0,162,9,31,51,55,48.1
Brian Lashoff,28,DET,D,4,0,1,1,-1,2,0.1,0,0,0,0,1,0,0,2,0.0,55,4,3,0,0,
Par Lindholm,27,WPG,C,4,0,1,1,0,0,0.0,0,0,0,0,1,0,0,5,0.0,39,1,4,3,9,25.0
Kurtis MacDermid,24,LAK,D,11,0,1,1,-1,11,0.2,0,0,0,0,1,0,0,5,0.0,103,4,26,0,0,
Zack MacEwen,22,VAN,C,4,0,1,1,-4,5,-0.1,0,0,0,0,1,0,0,2,0.0,29,1,4,0,1,0.0
Wade Megan,28,DET,C,11,0,1,1,-4,2,-0.2,0,0,0,0,1,0,0,16,0.0,87,4,4,28,23,54.9
Jacob Middleton,23,SJS,D,3,0,1,1,-1,2,0.0,0,0,0,0,1,0,0,0,,30,2,1,0,0,
Ryan Murphy,25,NJD,D,1,0,1,1,0,0,0.1,0,0,0,0,0,1,0,0,,14,1,0,0,0,
Jamie Oleksiak,26,DAL,D,21,0,1,1,0,8,0.5,0,0,0,0,1,0,0,20,0.0,268,22,38,0,0,
Tanner Pearson,26,LAK,LW,17,0,1,1,-9,8,-0.6,0,0,0,0,1,0,0,24,0.0,230,3,18,1,4,20.0
Alexander Petrovic,26,FLA,D,26,0,1,1,-8,24,-0.1,0,0,0,0,1,0,0,40,0.0,452,42,86,0,0,
Alexander Petrovic,26,EDM,D,9,0,1,1,-7,2,-0.3,0,0,0,0,1,0,0,7,0.0,126,11,30,0,0,
Blake Pietila,25,NJD,LW,19,0,1,1,-7,6,-0.5,0,0,0,0,1,0,0,22,0.0,252,8,36,36,46,43.9
Kyle Rau,26,MIN,C,6,0,1,1,0,0,0.0,0,0,0,0,1,0,0,6,0.0,42,2,11,3,1,75.0
Ashton Sautner,24,VAN,D,17,0,1,1,-2,2,0.2,0,0,0,0,1,0,0,21,0.0,247,17,25,0,0,
Luca Sbisa,29,NYI,D,9,0,1,1,0,4,0.3,0,0,0,0,1,0,0,5,0.0,139,7,17,0,0,
Cameron Schilling,30,WPG,D,4,0,1,1,0,0,0.1,0,0,0,0,1,0,0,2,0.0,48,5,3,0,0,
Jimmy Schuldt,23,VEG,D,1,0,1,1,-1,0,0.0,0,0,0,0,1,0,0,1,0.0,21,1,0,0,0,
Eric Tangradi,29,NJD,C,6,0,1,1,-3,0,-0.1,0,0,0,0,1,0,0,10,0.0,83,4,11,3,3,50.0
Zach Trotman,28,PIT,D,13,0,1,1,4,4,0.5,0,0,0,0,0,1,0,16,0.0,198,18,20,0,0,
Kristian Vesalainen,19,WPG,W,5,0,1,1,0,0,0.0,0,0,0,0,1,0,0,1,0.0,34,1,1,0,0,
Nathan Walker,24,WSH,C,3,0,1,1,1,2,0.1,0,0,0,0,1,0,0,2,0.0,24,0,5,0,0,
Christian Folin,27,PHI,D,26,0,2,2,5,16,0.9,0,0,0,0,2,0,0,20,0.0,404,59,60,1,0,100.0
Erik Gudbranson,27,PIT,D,19,0,2,2,7,4,0.9,0,0,0,0,1,0,1,22,0.0,360,24,52,0,0,
Matt Hendricks,37,MIN,C,22,0,2,2,-2,19,-0.1,0,0,0,0,2,0,0,20,0.0,198,5,31,41,35,53.9
Matt Hunwick,33,BUF,D,14,0,2,2,-7,4,0.0,0,0,0,0,2,0,0,10,0.0,220,9,6,0,0,
Adam Johnson,24,PIT,C,6,0,2,2,2,0,0.2,0,0,0,0,2,0,0,3,0.0,32,3,11,0,0,
Ben Lovejoy,34,DAL,D,20,0,2,2,-2,4,0.6,0,0,0,0,2,0,0,25,0.0,317,41,17,0,0,
Isac Lundestrom,19,ANA,C,15,0,2,2,-1,2,-0.1,0,0,0,0,2,0,0,13,0.0,195,5,4,21,43,32.8
Danick Martel,24,TBL,LW,9,0,2,2,3,8,0.1,0,0,0,0,2,0,0,16,0.0,92,1,12,1,1,50.0
Jordan Nolan,29,STL,C,14,0,2,2,2,14,0.1,0,0,0,0,2,0,0,17,0.0,111,4,22,0,1,0.0
Nic Petan,23,WPG,C,13,0,2,2,-2,2,0.0,0,0,0,0,2,0,0,10,0.0,94,2,0,5,3,62.5
Tom Pyatt,31,OTT,C,37,0,2,2,-16,2,-1.1,0,0,0,0,2,0,0,29,0.0,433,46,15,56,92,37.8
Jan Rutta,28,TBL,D,14,0,2,2,4,4,0.6,0,0,0,0,2,0,0,20,0.0,202,9,6,0,0,
Luke Schenn,29,VAN,D,18,0,2,2,-4,9,0.2,0,0,0,0,2,0,0,23,0.0,266,31,81,0,0,
David Schlemko,31,MTL,D,18,0,2,2,-1,4,0.4,0,0,0,0,0,2,0,29,0.0,357,45,29,0,0,
Jordan Schmaltz,25,STL,D,20,0,2,2,-7,2,-0.1,0,0,0,0,2,0,0,11,0.0,230,22,10,0,0,
Chris Wideman,29,EDM,D,5,0,2,2,-2,4,0.1,0,0,0,0,2,0,0,6,0.0,57,1,7,0,0,
Luke Witkowski,28,DET,D,34,0,2,2,-5,23,0.1,0,0,0,0,2,0,0,14,0.0,326,27,67,0,0,
Anthony Bitetto,28,NSH,D,18,0,3,3,1,8,0.6,0,0,0,0,3,0,0,15,0.0,192,23,40,0,0,
Michael Del Zotto,28,ANA,D,12,0,3,3,-3,0,0.4,0,0,0,0,3,0,0,19,0.0,211,19,19,0,0,
Michael Del Zotto,28,STL,D,7,0,3,3,-2,0,0.2,0,0,0,0,3,0,0,5,0.0,91,3,21,0,0,
Joseph Gambardella,25,EDM,C,15,0,3,3,2,2,0.2,0,0,0,0,3,0,0,7,0.0,122,5,14,3,1,75.0
Kevin Gravel,26,EDM,D,36,0,3,3,-2,4,0.6,0,0,0,0,3,0,0,44,0.0,530,53,31,0,0,
Quinn Hughes,19,VAN,D,5,0,3,3,0,2,0.4,0,0,0,0,1,2,0,6,0.0,90,1,1,0,0,
Michael McLeod,20,NJD,C,21,0,3,3,-8,13,-0.4,0,0,0,0,3,0,0,21,0.0,256,4,41,70,62,53.0
Xavier Ouellet,25,MTL,D,19,0,3,3,-3,13,0.3,0,0,0,0,3,0,0,32,0.0,323,30,32,0,0,
Scott Wilson,26,BUF,C,15,0,3,3,-8,4,-0.3,0,0,0,0,3,0,0,25,0.0,172,2,29,1,2,33.3
Valentin Zykov,23,CAR,LW,13,0,3,3,-1,0,0.1,0,0,0,0,1,2,0,13,0.0,127,2,6,2,6,25.0
Christian Folin,27,MTL,D,19,0,4,4,1,11,0.7,0,0,0,0,4,0,0,27,0.0,301,19,65,0,0,
Thomas Hickey,29,NYI,D,40,0,4,4,5,33,1.6,0,0,0,0,3,0,1,47,0.0,740,71,40,0,0,
Julius Honka,23,DAL,D,29,0,4,4,-2,10,0.9,0,0,0,0,4,0,0,38,0.0,398,31,16,0,1,0.0
Ilya Lyubushkin,24,ARI,D,41,0,4,4,-9,13,0.6,0,0,0,0,4,0,0,27,0.0,563,61,150,0,0,
Andrej Sekera,32,EDM,D,24,0,4,4,3,6,1.0,0,0,0,0,3,1,0,28,0.0,396,21,17,0,0,
Jonas Siegenthaler,21,WSH,D,26,0,4,4,6,10,1.0,0,0,0,0,4,0,0,12,0.0,368,44,31,0,0,
Ryan Spooner,27,VAN,C,11,0,4,4,-1,0,0.1,0,0,0,0,3,1,0,18,0.0,150,3,11,7,4,63.6
Daniel Sprong,21,PIT,RW,16,0,4,4,-7,0,-0.1,0,0,0,0,3,1,0,16,0.0,137,5,12,1,1,50.0
Nathan Beaulieu,26,WPG,D,18,0,5,5,5,7,1.1,0,0,0,0,5,0,0,25,0.0,303,12,27,0,0,
Michael Chaput,26,MTL,C,32,0,5,5,-4,14,-0.3,0,0,0,0,5,0,0,31,0.0,359,17,53,124,120,50.8
Dan Hamhuis,36,NSH,D,57,0,5,5,-2,28,1.2,0,0,0,0,5,0,0,39,0.0,915,61,38,0,0,
Nick Jensen,28,WSH,D,20,0,5,5,3,4,0.8,0,0,0,0,5,0,0,28,0.0,340,26,21,0,0,
Dean Kukan,25,CBJ,D,25,0,5,5,6,6,1.3,0,0,0,0,5,0,0,16,0.0,337,21,16,0,0,
Jacob Larsson,21,ANA,D,49,0,5,5,-4,16,1.3,0,0,0,0,5,0,0,57,0.0,839,59,41,0,1,0.0
Michael Stone,28,CGY,D,14,0,5,5,0,10,0.6,0,0,0,0,5,0,0,12,0.0,223,16,27,0,0,
Carl Dahlstrom,24,CHI,D,38,0,6,6,9,6,1.5,0,0,0,0,5,0,1,42,0.0,707,35,33,0,0,
Dmitry Kulikov,28,WPG,D,57,0,6,6,4,47,1.4,0,0,0,0,6,0,0,40,0.0,893,71,88,0,0,
Juho Lammikko,23,FLA,RW,40,0,6,6,-7,6,-0.4,0,0,0,0,5,0,1,39,0.0,437,21,45,142,190,42.8
Marcus Pettersson,22,ANA,D,27,0,6,6,4,17,1.4,0,0,0,0,6,0,0,15,0.0,379,32,16,0,0,
Kevan Miller,31,BOS,D,39,0,7,7,8,35,2.0,0,0,0,0,7,0,0,32,0.0,692,79,73,0,0,
Joakim Ryan,25,SJS,D,44,0,7,7,-1,15,0.9,0,0,0,0,7,0,0,35,0.0,562,39,43,0,0,
Bogdan Kiselevich,28,FLA,D,32,0,8,8,-3,12,1.0,0,0,0,0,8,0,0,14,0.0,475,21,49,0,0,
Dylan Sikura,23,CHI,C,33,0,8,8,2,0,0.1,0,0,0,0,8,0,0,52,0.0,372,10,3,0,5,0.0
Andrew MacDonald,32,PHI,D,47,0,9,9,-5,18,1.1,0,0,0,0,7,0,2,41,0.0,771,95,30,0,0,
Niklas Hjalmarsson,31,ARI,D,82,0,10,10,8,44,4.2,0,0,0,0,8,0,2,57,0.0,1615,187,45,0,0,
Valeri Nichushkin,23,DAL,RW,57,0,10,10,-4,0,-0.1,0,0,0,0,10,0,0,65,0.0,679,32,71,3,3,50.0
Tobias Rieder,26,EDM,C,67,0,11,11,-8,8,-0.6,0,0,0,0,9,2,0,92,0.0,847,44,69,5,20,20.0
Henri Jokiharju,19,CHI,D,38,0,12,12,-7,16,0.8,0,0,0,0,11,1,0,62,0.0,721,37,48,0,0,
Victor Mete,20,MTL,D,71,0,13,13,17,6,3.5,0,0,0,0,13,0,0,65,0.0,1262,95,21,0,0,
Mark Barberio,28,COL,D,12,1,0,1,-6,4,-0.1,1,0,0,0,0,0,0,11,9.1,183,14,13,0,0,
Matt Bartkowski,30,MIN,D,2,1,0,1,2,0,0.4,1,0,0,0,0,0,0,2,50.0,21,1,1,0,0,
Matt Beleskey,30,NYR,LW,4,1,0,1,1,5,0.2,1,0,0,0,0,0,0,3,33.3,29,1,7,1,0,100.0
Evan Bouchard,19,EDM,D,7,1,0,1,-5,2,-0.1,0,1,0,0,0,0,0,10,10.0,86,8,6,0,0,
Michael Bunting,23,ARI,LW,5,1,0,1,0,2,0.1,1,0,0,0,0,0,0,5,20.0,48,1,6,0,0,
Daniel Carr,27,VEG,LW,6,1,0,1,-1,0,0.1,1,0,0,0,0,0,0,11,9.1,59,3,9,0,0,
Rourke Chartier,22,SJS,C,13,1,0,1,-5,2,-0.2,1,0,0,0,0,0,0,19,5.3,122,3,14,34,51,40.0
Filip Chlapik,21,OTT,C,5,1,0,1,-2,4,0.0,1,0,0,0,0,0,0,9,11.1,69,4,1,8,16,33.3
Erik Condra,32,DAL,RW,6,1,0,1,-2,2,0.0,1,0,0,0,0,0,0,10,10.0,76,1,3,0,1,0.0
Jean-Sebastien Dea,24,PIT,C,3,1,0,1,1,2,0.2,1,0,0,0,0,0,0,2,50.0,21,0,2,2,1,66.7
Dante Fabbro,20,NSH,D,4,1,0,1,-1,0,0.2,1,0,0,0,0,0,0,5,20.0,51,6,3,0,0,
Alex Formenton,19,OTT,LW,9,1,0,1,-2,6,-0.1,1,0,0,0,0,0,0,16,6.3,105,7,11,1,2,33.3
Jason Garrison,34,EDM,D,17,1,0,1,1,8,0.5,0,1,0,0,0,0,0,16,6.3,216,23,13,0,0,
Libor Hajek,20,NYR,D,5,1,0,1,1,6,0.3,1,0,0,0,0,0,0,10,10.0,83,3,5,0,0,
Slater Koekkoek,24,TBL,D,9,1,0,1,0,4,0.2,1,0,0,0,0,0,0,15,6.7,129,12,8,0,0,
Kalle Kossila,25,ANA,LW,8,1,0,1,-1,4,0.0,1,0,0,1,0,0,0,11,9.1,82,3,5,30,28,51.7
Jeremy Lauzon,21,BOS,D,16,1,0,1,-1,2,0.4,1,0,0,1,0,0,0,11,9.1,249,15,15,0,0,
Jacob MacDonald,25,FLA,D,2,1,0,1,1,0,0.3,1,0,0,0,0,0,0,1,100.0,24,1,1,0,0,
Brandon Manning,28,EDM,D,12,1,0,1,-1,4,0.3,1,0,0,0,0,0,0,10,10.0,161,17,13,0,0,
Max McCormick,26,OTT,LW,14,1,0,1,-6,4,-0.2,1,0,0,0,0,0,0,12,8.3,105,6,21,0,1,0.0
Cody McLeod,34,NYR,LW,31,1,0,1,-10,60,-0.5,1,0,0,0,0,0,0,21,4.8,211,9,96,0,1,0.0
Sonny Milano,22,CBJ,LW,8,1,0,1,0,0,0.1,1,0,0,0,0,0,0,5,20.0,67,0,5,0,0,
Nic Petan,23,TOR,C,5,1,0,1,-3,0,0.0,1,0,0,1,0,0,0,5,20.0,44,2,2,6,10,37.5
Tomas Plekanec,36,MTL,C,3,1,0,1,0,0,0.1,1,0,0,0,0,0,0,8,12.5,33,1,1,19,19,50.0
Matt Puempel,26,DET,LW,8,1,0,1,-2,2,0.0,0,1,0,0,0,0,0,10,10.0,83,5,4,0,2,0.0
John Quenneville,22,NJD,C,19,1,0,1,-1,4,-0.1,1,0,0,1,0,0,0,16,6.3,215,7,21,4,7,36.4
Matt Read,32,MIN,RW,12,1,0,1,-2,2,-0.1,1,0,0,0,0,0,0,13,7.7,141,8,11,2,4,33.3
Calle Rosen,24,TOR,D,4,1,0,1,-3,0,0.0,1,0,0,0,0,0,0,5,20.0,67,2,1,0,0,
Nikita Scherbak,23,LAK,RW,8,1,0,1,-4,2,-0.1,1,0,0,0,0,0,0,12,8.3,81,1,9,0,0,
Zachary Senyshyn,21,BOS,RW,2,1,0,1,0,0,0.2,1,0,0,0,0,0,0,4,25.0,23,0,1,0,0,
Alexandre Texier,19,CBJ,C,2,1,0,1,3,0,0.3,1,0,0,0,0,0,0,6,16.7,26,1,2,0,1,0.0
Dominic Toninato,24,COL,C,2,1,0,1,0,0,0.2,1,0,0,0,0,0,0,1,100.0,13,1,0,0,4,0.0
Andrew Agozzino,28,COL,LW,11,1,1,2,2,0,0.2,1,0,0,0,1,0,0,11,9.1,86,3,14,16,22,42.1
Darren Archibald,28,VAN,RW,9,1,1,2,-1,12,0.2,1,0,0,0,1,0,0,8,12.5,69,3,8,0,1,0.0
Josh Brown,25,FLA,D,37,1,1,2,-3,28,0.5,1,0,0,0,1,0,0,28,3.6,492,31,80,0,0,
Chris Butler,32,STL,D,13,1,1,2,3,0,0.7,1,0,0,0,1,0,0,10,10.0,183,17,17,0,0,
A.J. Greer,22,COL,LW,15,1,1,2,-2,14,0.1,1,0,0,0,1,0,0,9,11.1,94,5,20,2,3,40.0
Martin Hanzal,31,DAL,C,7,1,1,2,-4,4,0.0,0,1,0,0,1,0,0,14,7.1,90,4,14,45,31,59.2
Joshua Ho-Sang,23,NYI,C,10,1,1,2,2,6,0.1,1,0,0,0,1,0,0,10,10.0,145,3,0,0,1,0.0
Tyler Lewington,24,WSH,D,2,1,1,2,3,7,0.5,1,0,0,0,1,0,0,3,33.3,28,1,4,0,0,
Ian McCoshen,23,FLA,D,19,1,1,2,-2,8,0.4,1,0,0,0,1,0,0,15,6.7,253,13,41,0,0,
Adam McQuaid,32,CBJ,D,14,1,1,2,-1,9,0.4,1,0,0,1,1,0,0,9,11.1,160,12,23,0,0,
Philippe Myers,22,PHI,D,21,1,1,2,-5,2,0.2,1,0,0,0,1,0,0,25,4.0,323,8,42,0,0,
Martin Necas,20,CAR,C,7,1,1,2,0,2,0.2,1,0,0,0,1,0,0,6,16.7,70,2,3,16,28,36.4
Nick Paul,23,OTT,LW,20,1,1,2,-10,4,-0.4,1,0,0,0,1,0,0,30,3.3,169,4,28,16,19,45.7
Dalton Prout,28,CGY,D,20,1,1,2,1,8,0.5,1,0,0,0,1,0,0,14,7.1,262,20,36,0,0,
Chad Ruhwedel,28,PIT,D,18,1,1,2,-9,4,-0.3,1,0,0,1,1,0,0,22,4.5,293,16,40,0,0,
Ryan Spooner,27,NYR,C,16,1,1,2,-5,0,-0.2,1,0,0,0,1,0,0,24,4.2,203,3,10,24,18,57.1
Ryan Strome,25,EDM,C,18,1,1,2,-1,14,-0.2,1,0,0,0,1,0,0,30,3.3,259,5,23,99,104,48.8
Eeli Tolvanen,19,NSH,RW,4,1,1,2,2,0,0.3,1,0,0,0,0,1,0,2,50.0,53,2,4,0,0,
Mikhail Vorobyev,22,PHI,C,15,1,1,2,0,2,0.1,1,0,0,0,1,0,0,10,10.0,140,4,4,25,46,35.2
Jordan Weal,26,ARI,C,19,1,1,2,-3,0,-0.1,0,1,0,0,1,0,0,12,8.3,208,9,12,81,84,49.1
Kailer Yamamoto,20,EDM,RW,17,1,1,2,-6,2,-0.3,1,0,0,0,0,1,0,13,7.7,222,11,18,0,0,
Clark Bishop,22,CAR,C,20,1,2,3,-3,6,0.0,1,0,0,0,2,0,0,16,6.3,189,5,39,69,78,46.9
Anders Bjork,22,BOS,LW,20,1,2,3,-1,2,0.0,1,0,0,0,2,0,0,18,5.6,236,12,9,1,0,100.0
Sam Gagner,29,VAN,C,7,1,2,3,-3,4,0.1,0,1,0,0,2,0,0,17,5.9,127,2,5,12,15,44.4
Brendan Gaunce,24,VAN,C,3,1,2,3,3,0,0.5,1,0,0,1,2,0,0,2,50.0,23,0,4,8,5,61.5
Carl Hagelin,30,PIT,LW,16,1,2,3,2,12,0.0,1,0,0,0,2,0,0,28,3.6,247,4,33,1,6,14.3
Micheal Haley,32,FLA,C,24,1,2,3,-2,30,0.0,1,0,0,0,2,0,0,20,5.0,180,6,44,12,12,50.0
Micheal Haley,32,SJS,C,19,1,2,3,0,45,0.1,1,0,0,0,2,0,0,14,7.1,168,10,32,1,5,16.7
Marcus Johansson,28,BOS,C,10,1,2,3,-1,0,0.2,1,0,0,0,2,0,0,12,8.3,134,6,5,2,4,33.3
Jordan Kyrou,20,STL,C,16,1,2,3,-1,4,0.1,1,0,0,0,2,0,0,16,6.3,155,3,2,2,0,100.0
Jori Lehtera,31,PHI,C,27,1,2,3,-7,33,-0.3,1,0,0,0,2,0,0,17,5.9,246,7,29,79,67,54.1
Vinni Lettieri,23,NYR,C,27,1,2,3,-7,14,-0.3,0,1,0,0,1,1,0,40,2.5,274,11,41,7,6,53.8
Brandon Manning,28,CHI,D,27,1,2,3,-14,21,-0.6,1,0,0,0,2,0,0,23,4.3,418,23,50,0,0,
Zac Rinaldo,28,NSH,C,23,1,2,3,1,20,0.2,1,0,0,1,2,0,0,11,9.1,164,8,47,1,4,20.0
Wayne Simmonds,30,NSH,RW,17,1,2,3,4,9,0.2,1,0,0,0,2,0,0,21,4.8,212,7,24,0,1,0.0
Juuso Valimaki,20,CGY,D,24,1,2,3,-2,12,0.4,1,0,0,1,2,0,0,28,3.6,372,43,21,0,0,
Filip Zadina,19,DET,RW,9,1,2,3,-5,0,0.0,0,1,0,0,1,1,0,18,5.6,138,3,6,3,3,50.0
Mats Zuccarello,31,DAL,LW,2,1,2,3,3,0,0.5,1,0,0,0,1,1,0,5,20.0,32,1,0,0,0,
Madison Bowey,23,DET,D,17,1,3,4,-4,8,0.5,1,0,0,0,3,0,0,14,7.1,309,22,25,0,0,
Derick Brassard,31,FLA,C,10,1,3,4,-6,2,0.0,1,0,0,0,2,1,0,16,6.3,153,0,13,14,17,45.2
Connor Brickley,26,NYR,C,14,1,3,4,3,9,0.4,1,0,0,0,3,0,0,18,5.6,126,6,35,0,7,0.0
Connor Carrick,24,DAL,D,14,1,3,4,-7,13,0.3,1,0,0,0,3,0,0,16,6.3,179,11,5,0,0,
Michael Del Zotto,28,VAN,D,23,1,3,4,3,8,1.2,1,0,0,0,3,0,0,21,4.8,413,31,89,0,0,
Phillip Di Giuseppe,25,CAR,LW,21,1,3,4,-2,8,0.1,1,0,0,0,3,0,0,27,3.7,208,6,49,3,2,60.0
Denis Gurianov,21,DAL,RW,21,1,3,4,-3,0,0.1,1,0,0,0,2,1,0,23,4.3,228,9,23,1,1,50.0
Korbinian Holzer,30,ANA,D,22,1,3,4,5,8,1.4,1,0,0,0,3,0,0,15,6.7,353,38,61,0,0,
Tomas Hyka,25,VEG,RW,17,1,3,4,-2,2,0.1,1,0,0,0,1,2,0,22,4.5,200,5,6,1,1,50.0
Ross Johnston,24,NYI,LW,17,1,3,4,3,23,0.4,1,0,0,0,3,0,0,12,8.3,135,1,43,0,1,0.0
Corban Knight,28,PHI,C,23,1,3,4,-5,0,-0.1,1,0,0,0,3,0,0,15,6.7,223,13,9,63,58,52.1
Andreas Martinsen,28,CHI,LW,24,1,3,4,-5,14,-0.1,1,0,0,0,3,0,0,21,4.8,190,9,83,3,4,42.9
Jaycob Megna,26,ANA,D,28,1,3,4,-1,12,1.0,1,0,0,0,3,0,0,31,3.2,407,29,32,0,0,
Sami Niku,22,WPG,D,30,1,3,4,0,2,0.7,1,0,0,0,3,0,0,19,5.3,418,30,10,0,0,
Steven Santini,23,NJD,D,39,1,3,4,-6,16,0.9,1,0,0,0,3,0,0,41,2.4,650,43,80,0,0,
Andy Welinski,25,ANA,D,26,1,3,4,-5,8,0.7,1,0,0,0,3,0,0,32,3.1,417,18,47,0,0,
Mark Borowiecki,29,OTT,D,53,1,4,5,-12,89,0.4,1,0,0,0,4,0,0,59,1.7,825,93,212,0,0,
Colby Cave,24,BOS,C,20,1,4,5,-1,8,0.1,1,0,0,0,4,0,0,18,5.6,264,5,22,75,86,46.6
Dillon Dube,20,CGY,C,25,1,4,5,2,4,0.2,1,0,0,0,4,0,0,22,4.5,252,3,11,16,24,40.0
Mikael Granlund,26,NSH,C,16,1,4,5,-6,4,-0.1,1,0,0,0,2,2,0,29,3.4,270,7,18,17,22,43.6
Carl Hagelin,30,LAK,LW,22,1,4,5,-2,8,0.1,1,0,0,1,4,0,0,36,2.8,309,11,18,2,11,15.4
Ben Harpur,24,OTT,D,51,1,4,5,-13,56,0.4,1,0,0,0,4,0,0,50,2.0,899,69,89,0,0,
Noah Juulsen,21,MTL,D,21,1,4,5,5,6,1.2,1,0,0,0,4,0,0,22,4.5,359,39,60,0,0,
Slater Koekkoek,24,CHI,D,22,1,4,5,4,10,1.0,1,0,0,0,4,0,0,21,4.8,362,36,46,0,0,
Josh Mahura,20,ANA,D,17,1,4,5,0,4,0.9,1,0,0,0,1,3,0,20,5.0,243,18,6,0,0,
Martin Marincin,26,TOR,D,24,1,4,5,-4,12,0.4,1,0,0,0,4,0,0,34,2.9,365,21,21,0,1,0.0
Pontus Aberg,25,MIN,LW,22,1,5,6,-4,6,0.2,1,0,0,0,2,3,0,27,3.7,283,4,14,0,8,0.0
Madison Bowey,23,WSH,D,33,1,5,6,3,38,1.1,1,0,0,1,5,0,0,34,2.9,454,41,47,0,0,
Martin Frk,25,DET,RW,30,1,5,6,-9,4,-0.1,0,1,0,0,5,0,0,28,3.6,276,4,35,0,0,
Caleb Jones,21,EDM,D,17,1,5,6,-9,6,0.3,1,0,0,0,4,1,0,21,4.8,337,18,20,0,0,
Casey Nelson,26,BUF,D,38,1,5,6,1,13,1.6,1,0,0,0,5,0,0,37,2.7,586,36,44,0,0,
Dion Phaneuf,33,LAK,D,67,1,5,6,-21,53,0.4,1,0,0,0,5,0,0,80,1.3,1005,79,128,0,0,
Lawrence Pilut,23,BUF,D,33,1,5,6,-8,20,0.9,1,0,0,0,5,0,0,37,2.7,575,33,20,0,0,
Victor Rask,25,CAR,C,26,1,5,6,-3,4,0.1,1,0,0,0,3,2,0,25,4.0,313,8,25,111,135,45.1
Connor Carrick,24,NJD,D,20,1,6,7,-6,6,0.9,1,0,0,1,5,1,0,26,3.8,392,26,20,0,0,
Taro Hirose,22,DET,LW,10,1,6,7,0,2,0.5,1,0,0,1,5,1,0,15,6.7,153,9,1,1,0,100.0
Matt Irwin,31,NSH,D,44,1,6,7,5,38,1.7,1,0,0,0,6,0,0,50,2.0,497,37,80,0,0,
Joseph Morrow,26,WPG,D,41,1,6,7,0,20,1.1,1,0,0,0,6,0,0,40,2.5,572,37,37,0,0,
Greg Pateryn,28,MIN,D,80,1,6,7,-11,41,2.1,1,0,0,0,6,0,0,100,1.0,1370,118,144,0,1,0.0
Nate Thompson,34,MTL,C,25,1,6,7,-4,0,0.1,1,0,0,0,6,0,0,36,2.8,329,10,33,146,119,55.1
Kevin Connauton,28,ARI,D,50,1,7,8,-2,22,2.3,1,0,0,0,5,0,2,76,1.3,918,75,108,0,0,
Roman Polak,32,DAL,D,77,1,8,9,6,69,3.8,1,0,0,0,8,0,0,77,1.3,1476,152,191,0,0,
Radim Simek,26,SJS,D,41,1,8,9,7,8,1.9,1,0,0,1,8,0,0,41,2.4,624,34,67,0,0,
Christian Djoos,24,WSH,D,45,1,9,10,9,4,2.0,1,0,0,0,9,0,0,33,3.0,611,28,18,0,0,
Christian Jaros,22,OTT,D,61,1,9,10,-14,27,0.8,1,0,0,0,7,2,0,65,1.5,876,82,110,0,0,
Patrik Nemeth,26,COL,D,74,1,9,10,5,53,2.3,1,0,0,0,8,0,1,57,1.8,1220,131,137,1,0,100.0
Mirco Mueller,23,NJD,D,53,1,10,11,-3,17,2.2,1,0,0,0,10,0,0,39,2.6,958,61,75,0,0,
Mark Pysyk,27,FLA,D,70,1,10,11,-1,26,2.3,1,0,0,0,9,0,1,64,1.6,1279,89,133,0,0,
Par Lindholm,27,TOR,C,61,1,11,12,5,18,0.1,1,0,0,0,11,0,0,60,1.7,698,54,54,201,194,50.9
Jack Johnson,32,PIT,D,82,1,12,13,-4,41,1.8,0,1,0,0,9,1,2,86,1.2,1581,147,233,0,0,
Calvin de Haan,27,CAR,D,74,1,13,14,1,20,3.1,1,0,0,1,13,0,0,102,1.0,1370,106,187,0,1,0.0
Olli Maatta,24,PIT,D,60,1,13,14,9,12,2.7,0,1,0,1,10,3,0,74,1.4,1115,116,97,0,0,
Brenden Dillon,28,SJS,D,82,1,21,22,19,61,4.5,0,0,1,0,21,0,0,71,1.4,1455,78,201,0,0,
Ryan Murray,25,CBJ,D,56,1,28,29,20,10,5.7,1,0,0,0,27,1,0,71,1.4,1201,93,27,0,0,
Joel L'Esperance,23,DAL,RW,18,2,0,2,-4,6,0.0,1,1,0,0,0,0,0,24,8.3,220,4,22,26,30,46.4
C.J. Smith,24,BUF,LW,11,2,0,2,0,0,0.2,2,0,0,1,0,0,0,18,11.1,117,1,4,0,0,
Valentin Zykov,23,VEG,LW,10,2,0,2,-3,0,0.1,2,0,0,0,0,0,0,16,12.5,116,3,18,0,1,0.0
Jonny Brodzinski,25,LAK,C,13,2,1,3,0,2,0.3,2,0,0,0,1,0,0,17,11.8,129,7,23,1,1,50.0
Colby Cave,24,EDM,C,33,2,1,3,-4,8,-0.3,2,0,0,1,1,0,0,40,5.0,389,13,51,125,113,52.5
Oscar Fantenberg,27,LAK,D,46,2,1,3,-2,10,1.3,2,0,0,0,1,0,0,54,3.7,739,65,72,0,0,
Victor Rask,25,MIN,C,23,2,1,3,-1,4,0.1,2,0,0,0,1,0,0,30,6.7,280,4,15,93,91,50.5
Gemel Smith,24,DAL,C,14,2,1,3,-1,0,0.3,2,0,0,0,1,0,0,11,18.2,112,3,11,2,2,50.0
Ryan Spooner,27,EDM,C,25,2,1,3,-6,2,-0.1,2,0,0,1,1,0,0,25,8.0,242,1,18,28,32,46.7
Patrik Berglund,30,BUF,C,23,2,2,4,-5,6,0.0,2,0,0,0,2,0,0,25,8.0,300,16,25,68,48,58.6
Sammy Blais,22,STL,LW,32,2,2,4,-1,6,0.1,2,0,0,0,2,0,0,27,7.4,315,12,93,1,1,50.0
Kurtis Gabriel,25,NJD,RW,22,2,2,4,0,59,0.4,2,0,0,1,2,0,0,7,28.6,162,8,78,0,0,
Alexander Nylander,20,BUF,LW,12,2,2,4,-4,4,0.2,1,1,0,0,2,0,0,16,12.5,146,1,1,2,1,66.7
Victor Olofsson,23,BUF,RW,6,2,2,4,1,2,0.5,0,2,0,0,2,0,0,21,9.5,108,3,2,0,0,
Max Veronneau,23,OTT,RW,12,2,2,4,-5,0,0.2,1,1,0,0,2,0,0,15,13.3,150,5,0,0,0,
Gavin Bayreuther,24,DAL,D,19,2,3,5,2,10,1.4,2,0,0,0,1,2,0,25,8.0,346,19,11,0,0,
Josh Currie,26,EDM,RW,21,2,3,5,2,2,0.5,2,0,0,0,3,0,0,19,10.5,183,17,39,2,3,40.0
Nicolas Deslauriers,27,MTL,LW,48,2,3,5,-12,22,-0.6,1,0,1,0,3,0,0,48,4.2,482,22,135,1,0,100.0
Brian Gibbons,30,ANA,C,44,2,3,5,-8,16,-0.2,2,0,0,0,3,0,0,29,6.9,455,19,26,1,1,50.0
Derek Grant,28,PIT,C,25,2,3,5,3,6,0.4,2,0,0,0,3,0,0,26,7.7,226,10,42,76,57,57.1
Max Jones,20,ANA,LW,30,2,3,5,-1,14,0.1,2,0,0,1,2,1,0,58,3.4,395,5,30,1,2,33.3
Vladislav Kamenev,22,COL,LW,23,2,3,5,-2,10,0.3,0,1,1,0,3,0,0,22,9.1,208,4,20,59,59,50.0
Paul Ladue,26,LAK,D,33,2,3,5,0,12,1.3,2,0,0,1,3,0,0,33,6.1,436,25,51,0,0,
Brendan Leipsic,24,VAN,LW,17,2,3,5,-10,2,0.0,2,0,0,1,1,2,0,36,5.6,218,3,11,3,2,60.0
Adam McQuaid,32,NYR,D,36,2,3,5,3,33,1.5,2,0,0,0,2,0,1,19,10.5,629,76,99,0,0,
Juuso Riikola,25,PIT,D,37,2,3,5,3,10,1.2,0,2,0,1,3,0,0,43,4.7,617,38,86,0,0,
Chris Wideman,29,OTT,D,19,2,3,5,-9,12,0.2,2,0,0,1,2,1,0,19,10.5,257,25,26,0,0,
Lias Andersson,20,NYR,C,42,2,4,6,-13,29,-0.4,1,0,1,0,4,0,0,41,4.9,450,8,60,84,106,44.2
Fredrik Claesson,26,NYR,D,37,2,4,6,3,9,1.6,2,0,0,0,3,0,1,44,4.5,638,33,76,0,0,
Charlie Coyle,26,BOS,C,21,2,4,6,-2,4,0.2,2,0,0,0,3,1,0,42,4.8,336,11,16,96,115,45.5
Robby Fabbri,23,STL,C,32,2,4,6,-4,6,0.0,2,0,0,1,4,0,0,43,4.7,405,8,30,4,10,28.6
Ryan Hartman,24,PHI,RW,19,2,4,6,-6,30,0.2,2,0,0,0,4,0,0,32,6.3,229,18,38,2,1,66.7
Brendan Perlini,22,ARI,LW,22,2,4,6,-5,8,0.3,0,2,0,0,2,2,0,40,5.0,301,7,13,0,2,0.0
Matt Roy,23,LAK,D,25,2,4,6,-1,8,1.3,2,0,0,1,4,0,0,34,5.9,428,47,38,0,0,
Jan Rutta,28,CHI,D,23,2,4,6,0,12,0.9,2,0,0,0,4,0,0,22,9.1,375,21,18,0,0,
Max Comtois,20,ANA,LW,10,2,5,7,3,7,0.8,2,0,0,1,5,0,0,9,22.2,146,3,27,3,8,27.3
Christian Dvorak,22,ARI,C,20,2,5,7,-2,2,0.5,1,1,0,1,5,0,0,25,8.0,288,7,16,125,101,55.3
Erik Haula,27,VEG,LW,15,2,5,7,1,10,0.6,2,0,0,0,4,1,0,26,7.7,249,6,11,78,74,51.3
Brad Hunt,30,VEG,D,13,2,5,7,3,2,1.3,1,1,0,1,2,3,0,28,7.1,197,10,7,0,0,
Ben Lovejoy,34,NJD,D,51,2,5,7,1,33,2.1,2,0,0,0,5,0,0,70,2.9,896,77,59,0,0,
Nick Seeler,25,MIN,D,71,2,5,7,-4,64,2.0,2,0,0,1,5,0,0,67,3.0,876,116,78,0,0,
Egor Yakovlev,27,NJD,D,25,2,5,7,-6,6,1.0,2,0,0,0,5,0,0,24,8.3,392,22,12,0,0,
Gabriel Bourque,28,COL,LW,55,2,6,8,3,10,0.2,2,0,0,1,5,0,1,34,5.9,536,48,100,7,13,35.0
Trevor Daley,35,DET,D,44,2,6,8,-3,12,1.6,1,0,1,1,6,0,0,47,4.3,817,53,14,0,0,
Jason Demers,30,ARI,D,35,2,6,8,9,12,2.8,2,0,0,2,5,1,0,39,5.1,700,43,50,0,0,
Erik Gudbranson,27,VAN,D,57,2,6,8,-27,83,0.2,2,0,0,1,6,0,0,72,2.8,1025,60,132,0,0,
Dmitrij Jaskin,25,WSH,RW,37,2,6,8,-5,6,0.1,2,0,0,0,6,0,0,48,4.2,373,14,87,0,3,0.0
Trevor Moore,23,TOR,LW,25,2,6,8,1,2,0.6,2,0,0,0,6,0,0,26,7.7,227,7,15,0,0,
Yannick Weber,30,NSH,D,62,2,6,8,7,18,2.3,2,0,0,0,6,0,0,67,3.0,739,32,64,0,0,
Garrett Wilson,27,PIT,LW,50,2,6,8,2,18,0.4,2,0,0,0,6,0,0,54,3.7,381,16,114,3,4,42.9
Derek Grant,28,ANA,C,31,2,7,9,-9,8,0.2,2,0,0,1,6,0,1,48,4.2,429,19,50,195,187,51.0
Brooks Orpik,38,WSH,D,53,2,7,9,8,32,2.0,2,0,0,0,7,0,0,43,4.7,830,78,131,0,0,
Robert Bortuzzo,29,STL,D,59,2,8,10,9,47,2.8,2,0,0,0,7,0,1,75,2.7,913,72,95,0,0,
Brandon Carlo,22,BOS,D,72,2,8,10,22,47,4.3,2,0,0,0,6,0,2,116,1.7,1506,88,134,1,0,100.0
Riley Sheahan,27,FLA,C,33,2,8,10,-2,4,0.3,2,0,0,0,8,0,0,50,4.0,484,18,22,206,169,54.9
Kenny Agostino,26,MTL,LW,36,2,9,11,-1,26,0.5,2,0,0,0,6,3,0,38,5.3,403,4,80,8,14,36.4
Joel Edmundson,25,STL,D,64,2,9,11,8,68,3.2,2,0,0,1,9,0,0,102,2.0,1241,106,128,0,1,0.0
Nick Schmaltz,22,CHI,C,23,2,9,11,-4,6,0.3,1,1,0,0,9,0,0,33,6.1,407,7,5,52,68,43.3
Deryk Engelland,36,VEG,D,74,2,10,12,-3,18,2.5,2,0,0,1,10,0,0,105,1.9,1471,152,165,0,0,
Chris Tanev,29,VAN,D,55,2,10,12,3,18,3.0,2,0,0,0,10,0,0,51,3.9,1109,122,29,0,0,
Tim Heed,28,SJS,D,37,2,11,13,9,10,2.5,1,1,0,0,9,2,0,41,4.9,532,31,16,0,0,
Derek Forbort,26,LAK,D,81,2,12,14,-13,52,2.8,2,0,0,1,12,0,0,75,2.7,1680,139,105,0,1,0.0
Ian Cole,29,COL,D,71,2,13,15,-1,115,2.6,2,0,0,0,13,0,0,82,2.4,1403,178,107,0,0,
Nick Jensen,28,DET,D,60,2,13,15,1,17,3.0,2,0,0,0,12,0,1,66,3.0,1248,79,61,0,0,
Justin Schultz,28,PIT,D,29,2,13,15,0,4,2.0,1,1,0,0,8,5,0,47,4.3,595,41,25,0,0,
Alex Biega,30,VAN,D,41,2,14,16,0,22,2.7,2,0,0,0,13,1,0,91,2.2,725,43,101,0,0,
Justin Braun,31,SJS,D,78,2,14,16,-14,35,1.6,2,0,0,0,13,1,0,105,1.9,1584,120,121,0,0,
Scott Harrington,25,CBJ,D,73,2,15,17,6,23,3.3,2,0,0,0,15,0,0,54,3.7,952,81,73,0,0,
Anton Stralman,32,TBL,D,47,2,15,17,12,8,3.1,2,0,0,0,14,1,0,57,3.5,965,71,59,0,0,
Rasmus Andersson,22,CGY,D,79,2,17,19,17,23,3.8,2,0,0,0,15,2,0,115,1.7,1267,83,52,0,0,
Marcus Pettersson,22,PIT,D,57,2,17,19,13,49,3.5,1,1,0,0,12,4,1,72,2.8,1023,76,85,1,0,100.0
Troy Stecher,24,VAN,D,78,2,21,23,9,32,5.1,1,0,1,0,19,2,0,105,1.9,1554,96,91,0,0,
Alexander Wennberg,24,CBJ,C,75,2,23,25,-1,12,0.8,0,1,1,0,16,5,2,64,3.1,1131,32,34,342,364,48.4
Kevin Shattenkirk,30,NYR,D,73,2,26,28,-15,20,3.1,1,1,0,0,20,6,0,148,1.4,1383,104,73,0,0,
Nathan Bastian,21,NJD,RW,7,3,0,3,0,10,0.5,3,0,0,0,0,0,0,13,23.1,89,1,24,3,0,100.0
Ryan Poehling,20,MTL,C,1,3,0,3,3,0,0.7,3,0,0,0,0,0,0,3,100.0,11,0,1,4,3,57.1
Frederick Gaudreau,25,NSH,C,55,3,1,4,1,2,-0.1,3,0,0,1,1,0,0,43,7.0,496,18,25,156,167,48.3
Jean-Sebastien Dea,24,NJD,C,20,3,2,5,-1,6,0.5,3,0,0,1,2,0,0,27,11.1,215,12,19,51,50,50.5
Jonathan Ericsson,34,DET,D,52,3,2,5,-10,35,0.9,3,0,0,1,2,0,0,48,6.3,895,56,98,0,0,
Ryan Graves,23,COL,D,26,3,2,5,4,2,1.3,3,0,0,0,2,0,0,26,11.5,289,51,32,0,0,
John Hayden,23,CHI,C,54,3,2,5,-12,27,-0.6,3,0,0,0,2,0,0,42,7.1,495,23,97,7,22,24.1
Charles Hudon,24,MTL,LW,32,3,2,5,-9,16,-0.2,3,0,0,0,1,1,0,50,6.0,374,9,73,4,5,44.4
Brad Hunt,30,MIN,D,29,3,2,5,-5,6,1.1,0,3,0,0,1,1,0,47,6.4,428,18,11,0,0,
Karson Kuhlman,23,BOS,C,11,3,2,5,5,2,0.8,3,0,0,1,2,0,0,15,20.0,134,4,6,1,0,100.0
Mackenzie MacEachern,24,STL,LW,29,3,2,5,0,10,0.4,3,0,0,1,2,0,0,33,9.1,233,4,49,0,0,
Alan Quine,25,CGY,C,13,3,2,5,0,6,0.6,2,1,0,0,2,0,0,11,27.3,123,2,14,13,20,39.4
Ben Street,31,ANA,C,21,3,2,5,-4,2,0.3,3,0,0,0,2,0,0,19,15.8,253,9,19,16,27,37.2
Andrew Cogliano,31,DAL,LW,32,3,3,6,-1,8,0.4,3,0,0,0,3,0,0,42,7.1,373,19,25,4,5,44.4
Sheldon Dries,24,COL,C,40,3,3,6,-7,26,0.0,2,0,1,0,3,0,0,44,6.8,363,20,66,66,65,50.4
Alexandre Fortin,21,CHI,LW,24,3,3,6,-6,2,0.2,2,0,1,1,3,0,0,29,10.3,254,7,21,11,6,64.7
Steven Kampfer,30,BOS,D,35,3,3,6,-6,22,0.9,2,1,0,0,2,1,0,40,7.5,512,32,44,0,0,
Brendan Lemieux,22,NYR,LW,19,3,3,6,-4,44,0.4,3,0,0,0,3,0,0,30,10.0,244,16,48,3,7,30.0
Dylan Strome,21,ARI,C,20,3,3,6,-10,6,0.2,0,3,0,1,2,1,0,40,7.5,271,9,2,138,100,58.0
Nathan Beaulieu,26,BUF,D,30,3,4,7,1,32,1.7,3,0,0,0,3,1,0,35,8.6,441,30,33,0,0,
Michael Dal Colle,22,NYI,LW,28,3,4,7,3,2,0.6,3,0,0,2,4,0,0,34,8.8,339,8,10,0,1,0.0
Kevin Fiala,22,MIN,LW,19,3,4,7,-12,10,0.1,2,1,0,1,1,3,0,43,7.0,335,3,14,0,3,0.0
Carl Gunnarsson,32,STL,D,25,3,4,7,8,6,2.0,3,0,0,1,3,0,1,21,14.3,398,35,11,0,0,
Igor Ozhiganov,26,TOR,D,53,3,4,7,0,14,1.2,3,0,0,0,4,0,0,43,7.0,743,48,57,0,0,
Miikka Salomaki,25,NSH,RW,37,3,4,7,5,8,0.6,3,0,0,0,4,0,0,51,5.9,387,20,72,2,5,28.6
Phil Varone,28,PHI,C,47,3,4,7,-2,8,0.3,3,0,0,0,4,0,0,34,8.8,372,19,23,81,82,49.7
J.T. Brown,28,MIN,RW,56,3,5,8,0,29,0.4,3,0,0,0,5,0,0,56,5.4,514,16,99,5,13,27.8
Oliver Kylington,21,CGY,D,38,3,5,8,3,10,1.5,3,0,0,1,5,0,0,21,14.3,472,41,11,0,0,
Stefan Noesen,25,NJD,RW,41,3,5,8,-19,28,-0.3,3,0,0,0,5,0,0,64,4.7,522,21,95,23,33,41.1
Antti Suomela,24,SJS,C,27,3,5,8,1,4,0.6,3,0,0,0,5,0,0,42,7.1,306,11,10,102,127,44.5
Drake Batherson,20,OTT,C,20,3,6,9,-2,6,0.7,1,2,0,2,5,1,0,18,16.7,268,21,17,3,1,75.0
Jacob de La Rose,23,DET,LW,60,3,6,9,-13,16,-0.4,3,0,0,0,6,0,0,55,5.5,686,29,72,161,219,42.4
Christoffer Ehn,22,DET,C,60,3,6,9,-5,6,-0.1,2,0,1,1,6,0,0,49,6.1,637,39,70,84,93,47.5
Jakob Forsbacka Karlsson,22,BOS,C,28,3,6,9,1,2,0.7,3,0,0,0,5,1,0,21,14.3,330,9,14,95,131,42.0
Gustav Forsling,22,CHI,D,43,3,6,9,-9,30,0.7,3,0,0,0,6,0,0,57,5.3,735,38,38,0,0,
Jordan Weal,26,PHI,C,28,3,6,9,-5,16,0.3,3,0,0,0,4,2,0,33,9.1,391,8,8,166,112,59.7
Mason Appleton,23,WPG,C,36,3,7,10,9,4,1.1,3,0,0,1,7,0,0,29,10.3,295,12,28,0,1,0.0
Dryden Hunt,23,FLA,LW,31,3,7,10,0,8,0.7,3,0,0,0,7,0,0,53,5.7,343,9,65,0,3,0.0
Brandon Montour,24,BUF,D,20,3,7,10,-4,16,1.6,2,1,0,0,5,2,0,55,5.5,435,28,32,0,0,
Matthew Peca,25,MTL,C,39,3,7,10,-14,4,0.0,3,0,0,0,6,0,1,35,8.6,410,21,33,80,89,47.3
Tim Schaller,28,VAN,LW,47,3,7,10,-2,9,0.5,3,0,0,0,7,0,0,44,6.8,501,18,66,1,1,50.0
Sean Walker,24,LAK,D,39,3,7,10,-8,8,1.5,2,1,0,0,7,0,0,55,5.5,602,40,43,0,0,
Andrew Cogliano,31,ANA,LW,46,3,8,11,2,14,0.6,2,1,0,1,8,0,0,64,4.7,609,13,43,7,13,35.0
Carl Hagelin,30,WSH,LW,20,3,8,11,7,10,1.1,3,0,0,1,8,0,0,35,8.6,299,5,13,3,4,42.9
Andrew Ladd,33,NYI,LW,26,3,8,11,3,16,1.0,3,0,0,0,7,0,1,34,8.8,360,8,37,2,3,40.0
Mike Reilly,25,MTL,D,57,3,8,11,0,16,2.1,2,1,0,1,8,0,0,101,3.0,1065,53,48,0,0,
Trevor Lewis,32,LAK,C,44,3,9,12,-9,9,0.3,3,0,0,1,9,0,0,87,3.4,617,25,53,57,67,46.0
Riley Nash,29,CBJ,C,78,3,9,12,-8,19,-0.2,3,0,0,1,9,0,0,79,3.8,846,43,72,150,183,45.0
Derrick Pouliot,25,VAN,D,62,3,9,12,-1,30,2.7,2,1,0,1,9,0,0,58,5.2,1064,71,76,0,0,
Jay Beagle,33,VAN,RW,57,3,10,13,-8,18,0.1,2,0,1,0,10,0,0,45,6.7,778,33,102,426,332,56.2
Marc Staal,32,NYR,D,79,3,10,13,-9,32,2.3,3,0,0,0,10,0,0,84,3.6,1534,119,94,0,0,
Frederik Gauthier,23,TOR,C,70,3,11,14,3,12,0.7,3,0,0,0,11,0,0,46,6.5,586,28,98,240,207,53.7
Trevor van Riemsdyk,27,CAR,D,78,3,11,14,-4,10,2.7,3,0,0,1,11,0,0,102,2.9,1175,84,42,0,0,
Nikita Zaitsev,27,TOR,D,81,3,11,14,2,18,2.4,3,0,0,0,11,0,0,71,4.2,1658,151,139,0,0,
Nick Holden,31,VEG,D,61,3,12,15,5,14,3.2,3,0,0,0,10,0,2,77,3.9,1116,76,104,0,0,
Jonathon Merrill,26,VEG,D,57,3,12,15,16,53,4.0,2,0,1,0,12,0,0,72,4.2,1019,72,71,0,0,
Josh Manson,27,ANA,D,74,3,13,16,-8,62,3.5,3,0,0,0,12,0,1,96,3.1,1651,90,184,0,0,
Kris Russell,31,EDM,D,72,3,13,16,5,27,3.7,3,0,0,0,12,0,1,63,4.8,1471,185,93,0,0,
Jay Bouwmeester,35,STL,D,78,3,14,17,-3,40,3.5,3,0,0,1,14,0,0,82,3.7,1617,127,61,0,0,
Matt Grzelcyk,25,BOS,D,66,3,15,18,9,68,4.0,2,1,0,0,10,5,0,90,3.3,1263,60,46,0,0,
Jujhar Khaira,24,EDM,LW,60,3,15,18,-12,43,0.4,2,0,1,0,14,0,1,64,4.7,754,33,123,55,71,43.7
Zach Bogosian,28,BUF,D,65,3,16,19,-5,52,3.7,2,0,1,0,15,1,0,93,3.2,1406,116,83,0,0,
Johnny Boychuk,35,NYI,D,74,3,16,19,10,25,4.5,2,1,0,1,13,2,1,157,1.9,1393,120,144,0,0,
Adam Larsson,26,EDM,D,82,3,17,20,-28,44,1.8,3,0,0,0,16,0,1,117,2.6,1773,128,256,0,0,
Brian Dumoulin,27,PIT,D,76,3,20,23,31,20,5.7,3,0,0,0,16,0,4,99,3.0,1598,129,141,0,0,
Marc-Edouard Vlasic,31,SJS,D,72,3,22,25,-6,10,3.2,3,0,0,0,21,1,0,100,3.0,1515,114,23,0,0,
Alex Goligoski,33,ARI,D,76,3,24,27,-7,16,5.1,2,1,0,0,16,6,2,102,2.9,1582,154,79,1,0,100.0
Niklas Kronwall,38,DET,D,79,3,24,27,-5,40,4.2,2,1,0,0,17,7,0,71,4.2,1576,96,84,0,0,
Colin Miller,26,VEG,D,65,3,26,29,0,44,4.5,2,1,0,0,14,12,0,131,2.3,1277,64,122,0,0,
Dmitry Orlov,27,WSH,D,82,3,26,29,3,33,4.0,3,0,0,0,25,1,0,101,3.0,1774,103,137,0,0,
Jake Gardiner,28,TOR,D,62,3,27,30,19,26,5.2,3,0,0,0,22,5,0,78,3.8,1315,64,61,0,1,0.0
Erik Karlsson,28,SJS,D,53,3,42,45,6,22,6.0,1,2,0,1,24,18,0,169,1.8,1298,69,44,1,1,50.0
Derick Brassard,31,COL,C,20,4,0,4,-7,8,0.0,2,2,0,0,0,0,0,32,12.5,300,3,20,69,67,50.7
Peter Cehlarik,23,BOS,LW,20,4,2,6,3,6,0.7,3,1,0,1,2,0,0,30,13.3,252,7,5,0,5,0.0
Josh Leivo,25,TOR,LW,27,4,2,6,1,7,0.5,2,2,0,2,1,1,0,38,10.5,284,5,22,11,17,39.3
Brett Ritchie,25,DAL,RW,53,4,2,6,-7,57,0.1,3,1,0,2,2,0,0,57,7.0,509,13,126,2,7,22.2
Lukas Sedlak,25,CBJ,C,47,4,2,6,-5,10,0.1,4,0,0,0,2,0,0,43,9.3,423,20,69,43,44,49.4
Brandon Sutter,29,VAN,C,26,4,2,6,-12,6,-0.1,2,1,1,0,2,0,0,43,9.3,454,13,33,224,238,48.5
Nate Thompson,34,LAK,C,53,4,2,6,3,17,0.2,4,0,0,0,2,0,0,35,11.4,685,34,54,263,232,53.1
Joey Anderson,20,NJD,RW,34,4,3,7,-7,6,0.2,3,0,1,1,3,0,0,49,8.2,439,11,42,9,8,52.9
Markus Hannikainen,25,CBJ,LW,44,4,3,7,-5,2,0.2,4,0,0,1,3,0,0,52,7.7,417,8,63,0,3,0.0
Jamie McGinn,30,FLA,LW,19,4,3,7,-5,6,0.6,3,1,0,1,3,0,0,23,17.4,203,3,34,1,0,100.0
Saku Maenalanen,24,CAR,RW,34,4,4,8,0,20,0.7,4,0,0,0,4,0,0,36,11.1,321,10,45,6,15,28.6
Devante Smith-Pelly,26,WSH,RW,54,4,4,8,-6,15,-0.1,4,0,0,0,4,0,0,60,6.7,586,36,78,16,25,39.0
Mario Kempe,30,ARI,C,52,4,5,9,5,18,0.8,4,0,0,0,5,0,0,57,7.0,582,30,105,126,203,38.3
Tom Kuhnhackl,27,NYI,RW,36,4,5,9,1,10,0.6,4,0,0,0,4,0,1,30,13.3,457,41,48,0,2,0.0
Jesse Puljujarvi,20,EDM,RW,46,4,5,9,-14,16,-0.1,4,0,0,0,4,1,0,53,7.5,550,26,46,2,2,50.0
Boo Nieves,25,NYR,C,43,4,6,10,-4,8,0.6,4,0,0,1,6,0,0,34,11.8,415,18,33,88,139,38.8
Jordan Weal,26,MTL,C,16,4,6,10,0,2,1.0,3,1,0,1,4,2,0,30,13.3,250,9,8,86,70,55.1
Taylor Fedun,30,DAL,D,54,4,7,11,2,14,2.9,4,0,0,0,4,2,1,86,4.7,748,58,19,0,0,
Jamie Oleksiak,26,PIT,D,36,4,7,11,5,37,2.1,4,0,0,0,7,0,0,35,11.4,571,37,97,0,0,
Ty Rattie,25,EDM,RW,50,4,7,11,-2,4,0.5,4,0,0,1,6,1,0,84,4.8,567,7,57,1,2,33.3
Matt Duchene,28,CBJ,C,23,4,8,12,-1,2,0.9,3,1,0,0,7,1,0,46,8.7,413,12,11,203,160,55.9
Ryan Dzingel,26,CBJ,C,21,4,8,12,4,0,1.3,3,1,0,1,8,0,0,26,15.4,300,3,13,3,2,60.0
Marcus Kruger,28,CHI,C,74,4,8,12,-2,30,0.0,4,0,0,2,7,0,1,74,5.4,771,34,51,188,203,48.1
Oscar Lindberg,27,VEG,C,35,4,8,12,3,24,1.1,4,0,0,0,7,1,0,66,6.1,422,17,65,15,17,46.9
Jean-Gabriel Pageau,26,OTT,C,39,4,8,12,-12,14,0.0,4,0,0,0,8,0,0,83,4.8,696,38,63,259,222,53.8
Christian Wolanin,23,OTT,D,30,4,8,12,3,6,2.3,4,0,0,1,5,3,0,36,11.1,520,31,11,0,0,
Kenny Agostino,26,NJD,LW,27,4,9,13,-2,8,1.1,4,0,0,0,7,2,0,41,9.8,411,10,63,7,13,35.0
John Moore,28,BOS,D,61,4,9,13,0,26,2.8,2,2,0,1,8,1,0,97,4.1,1145,76,77,0,0,
Brendan Smith,29,NYR,D,63,4,9,13,-7,71,2.0,4,0,0,0,8,0,1,66,6.1,964,48,100,0,1,0.0
Troy Terry,21,ANA,C,32,4,9,13,8,2,1.4,2,2,0,0,5,4,0,25,16.0,446,12,4,1,4,20.0
Jake McCabe,25,BUF,D,59,4,10,14,-4,35,3.0,3,0,1,0,10,0,0,64,6.3,1118,99,103,0,1,0.0
MacKenzie Weegar,25,FLA,D,64,4,11,15,-3,64,2.7,4,0,0,2,10,1,0,79,5.1,1086,103,127,1,0,100.0
Ryan Donato,22,MIN,C,22,4,12,16,-4,4,1.4,4,0,0,1,7,5,0,64,6.3,342,11,9,4,7,36.4
Dan Girardi,34,TBL,D,62,4,12,16,6,12,2.8,4,0,0,0,11,0,1,75,5.3,1104,108,151,0,0,
Brayden McNabb,28,VEG,D,81,4,12,16,11,52,4.3,4,0,0,1,11,0,1,84,4.8,1578,139,200,0,0,
Travis Dermott,22,TOR,D,64,4,13,17,-5,22,2.1,4,0,0,0,13,0,0,98,4.1,1108,57,100,0,0,
Sami Vatanen,27,NJD,D,50,4,13,17,-17,22,2.2,1,3,0,0,11,2,0,107,3.7,1086,77,68,0,0,
Jonas Brodin,25,MIN,D,82,4,14,18,-15,30,3.7,3,0,1,2,13,1,0,111,3.6,1685,135,61,0,0,
Alec Martinez,31,LAK,D,60,4,14,18,-2,8,3.8,4,0,0,2,12,2,0,78,5.1,1282,135,78,0,0,
David Kampf,24,CHI,C,63,4,15,19,-6,14,0.4,4,0,0,0,15,0,0,72,5.6,877,30,39,276,333,45.3
Scott Mayfield,26,NYI,D,79,4,15,19,18,68,5.3,3,0,1,0,15,0,0,104,3.8,1480,159,118,0,1,0.0
Radko Gudas,28,PHI,D,77,4,16,20,6,63,3.9,4,0,0,0,16,0,0,136,2.9,1376,133,255,0,0,
Jake Muzzin,29,LAK,D,50,4,17,21,10,33,4.7,4,0,0,0,15,2,0,78,5.1,1076,92,111,0,0,
Dylan DeMelo,25,OTT,D,77,4,18,22,-1,32,3.9,4,0,0,0,14,3,1,109,3.7,1485,130,121,0,0,
Braydon Coburn,33,TBL,D,74,4,19,23,4,34,3.4,4,0,0,0,19,0,0,113,3.5,1192,62,96,0,0,
Matthew Nieto,26,COL,LW,64,4,19,23,2,8,1.3,3,0,1,1,17,0,2,86,4.7,881,26,50,9,8,52.9
Nick Leddy,27,NYI,D,82,4,22,26,0,18,5.0,4,0,0,0,12,10,0,116,3.4,1767,89,77,0,0,
Samuel Girard,20,COL,D,82,4,23,27,8,6,4.9,4,0,0,0,14,9,0,116,3.4,1631,90,65,1,0,100.0
Will Butcher,24,NJD,D,78,4,26,30,-17,18,4.1,3,1,0,1,13,13,0,108,3.7,1503,74,38,0,0,
Anthony DeAngelo,23,NYR,D,61,4,26,30,6,77,4.9,4,0,0,0,16,10,0,111,3.6,1179,82,54,0,0,
Dustin Byfuglien,33,WPG,D,42,4,27,31,4,69,4.4,3,1,0,1,12,15,0,115,3.5,1023,51,77,0,0,
Brian Boyle,34,NSH,C,26,5,0,5,-1,16,0.4,4,1,0,2,0,0,0,42,11.9,331,14,57,67,61,52.3
Carl Grundstrom,21,LAK,RW,15,5,1,6,-4,6,0.6,5,0,0,1,0,1,0,26,19.2,225,3,38,0,0,
Ryan Kesler,34,ANA,C,60,5,3,8,-19,44,-0.8,4,1,0,1,1,2,0,86,5.8,990,56,93,582,463,55.7
Oscar Lindberg,27,OTT,C,20,5,3,8,1,4,0.9,5,0,0,0,3,0,0,25,20.0,264,10,39,86,105,45.0
Sam Gagner,29,EDM,C,25,5,5,10,-3,10,0.8,5,0,0,1,5,0,0,51,9.8,340,5,16,47,44,51.6
Chris Kunitz,39,CHI,LW,56,5,5,10,-7,23,0.2,5,0,0,1,5,0,0,44,11.4,507,15,85,2,5,28.6
Chandler Stephenson,24,WSH,C,64,5,6,11,-13,0,-0.4,4,0,1,0,6,0,0,36,13.9,775,33,38,47,48,49.5
Mark Stone,26,VEG,RW,18,5,6,11,4,5,1.3,4,1,0,0,4,2,0,54,9.3,318,18,21,3,6,33.3
Dale Weise,30,PHI,RW,42,5,6,11,-6,15,0.5,4,0,1,1,6,0,0,53,9.4,510,16,67,2,8,20.0
Nick Bjugstad,26,FLA,C,32,5,7,12,2,16,1.0,4,1,0,1,5,2,0,60,8.3,464,18,44,103,99,51.0
Drake Caggiula,24,CHI,LW,26,5,7,12,3,12,1.1,5,0,0,0,7,0,0,47,10.6,386,9,56,12,16,42.9
Adam Gaudette,22,VAN,C,56,5,7,12,-8,18,0.5,5,0,0,1,5,2,0,55,9.1,613,15,48,150,221,40.4
Devin Shore,24,ANA,C,34,5,7,12,-12,6,0.5,2,2,1,1,6,1,0,38,13.2,525,31,52,56,93,37.6
Rocco Grimaldi,25,NSH,C,53,5,8,13,-2,10,0.9,5,0,0,0,8,0,0,81,6.2,530,20,32,4,3,57.1
Kevin Hayes,26,WPG,RW,20,5,8,13,-3,2,1.2,5,0,0,1,8,0,0,37,13.5,306,3,7,110,103,51.6
Connor Murphy,25,CHI,D,52,5,8,13,12,40,3.0,5,0,0,1,8,0,0,84,6.0,1013,91,119,0,0,
Brett Seney,22,NJD,LW,51,5,8,13,-14,31,0.6,5,0,0,0,7,1,0,49,10.2,527,15,48,98,162,37.7
Vladimir Sobotka,31,BUF,C,69,5,8,13,-20,26,-0.4,5,0,0,0,7,0,1,71,7.0,979,30,87,318,295,51.9
Drew Stafford,33,NJD,RW,57,5,8,13,-7,18,0.6,4,1,0,0,7,1,0,77,6.5,699,19,50,16,23,41.0
Rudolfs Balcers,21,OTT,LW,36,5,9,14,-7,10,0.9,2,3,0,1,8,1,0,48,10.4,445,24,18,1,6,14.3
Zdeno Chara,41,BOS,D,62,5,9,14,22,57,4.8,4,1,0,2,7,2,0,99,5.1,1307,88,81,0,0,
Nick Schmaltz,22,ARI,C,17,5,9,14,-8,2,1.3,1,4,0,2,6,3,0,29,17.2,306,5,0,52,109,32.3
Colton Sceviour,29,FLA,C,59,5,10,15,-2,15,0.8,5,0,0,0,9,1,0,116,4.3,725,58,89,39,71,35.5
Erik Cernak,21,TBL,D,58,5,11,16,25,58,4.3,4,1,0,1,11,0,0,107,4.7,1117,79,198,0,0,
Jake Muzzin,29,TOR,D,30,5,11,16,11,14,3.1,4,1,0,1,8,2,1,63,7.9,631,42,61,0,0,
Matt Benning,24,EDM,D,70,5,12,17,11,33,4.0,5,0,0,0,10,1,1,94,5.3,1046,59,109,0,0,
Devin Shore,24,DAL,C,42,5,12,17,0,7,1.5,4,0,1,3,10,2,0,44,11.4,558,33,42,30,30,50.0
Ryan Carpenter,28,VEG,C,68,5,13,18,-6,8,0.7,4,0,1,0,12,0,1,102,4.9,858,17,126,161,145,52.6
Zemgus Girgensons,25,BUF,C,72,5,13,18,-11,17,0.4,5,0,0,0,13,0,0,78,6.4,980,29,144,28,41,40.6
Brendan Leipsic,24,LAK,LW,45,5,13,18,-4,22,1.3,4,1,0,0,12,1,0,56,8.9,637,25,45,4,4,50.0
Devon Toews,24,NYI,D,48,5,13,18,7,4,3.8,4,1,0,2,10,3,0,81,6.2,859,30,24,0,1,0.0
Travis Boyd,25,WSH,C,53,5,15,20,6,6,1.7,5,0,0,1,13,2,0,35,14.3,521,21,13,76,134,36.2
Ben Chiarot,27,WPG,D,78,5,15,20,6,62,3.8,5,0,0,1,14,0,1,111,4.5,1452,139,171,0,0,
Jakob Chychrun,20,ARI,D,53,5,15,20,-12,28,3.4,2,3,0,0,10,5,0,117,4.3,1074,77,74,0,0,
Danny DeKeyser,28,DET,D,52,5,15,20,2,39,3.8,5,0,0,3,15,0,0,59,8.5,1142,94,79,0,0,
Robert Hagg,23,PHI,D,82,5,15,20,-3,63,3.3,5,0,0,1,15,0,0,86,5.8,1390,158,258,0,0,
Ben Hutton,25,VAN,D,69,5,15,20,-23,43,2.7,4,1,0,1,7,7,1,114,4.4,1543,102,55,0,0,
Markus Nutivaara,24,CBJ,D,80,5,16,21,3,6,4.2,5,0,0,1,16,0,0,99,5.1,1414,61,80,0,0,
Adam Pelech,24,NYI,D,78,5,16,21,22,24,5.9,5,0,0,0,16,0,0,110,4.5,1453,116,149,0,0,
Jordie Benn,31,MTL,D,81,5,17,22,15,39,4.8,5,0,0,1,17,0,0,93,5.4,1474,128,124,0,0,
Cam Fowler,27,ANA,D,59,5,18,23,-14,20,3.6,4,1,0,2,12,5,1,88,5.7,1379,91,32,0,0,
Ron Hainsey,37,TOR,D,81,5,18,23,30,21,5.6,4,0,1,0,18,0,0,81,6.2,1641,144,91,1,0,100.0
Filip Hronek,21,DET,D,46,5,18,23,-10,30,2.9,4,1,0,0,13,4,1,73,6.8,918,32,66,0,0,
Andy Greene,36,NJD,D,82,5,20,25,-9,16,4.6,5,0,0,0,14,2,4,104,4.8,1708,208,67,0,0,
Brandon Montour,24,ANA,D,62,5,20,25,-16,40,3.7,5,0,0,2,17,3,0,126,4.0,1405,93,67,0,0,
Mike Green,33,DET,D,43,5,21,26,-1,28,3.9,5,0,0,0,18,3,0,92,5.4,932,56,60,0,0,
Oscar Klefbom,25,EDM,D,61,5,23,28,-11,16,3.9,4,1,0,2,13,10,0,167,3.0,1463,102,44,0,0,
Brent Seabrook,33,CHI,D,78,5,23,28,-6,41,3.2,3,2,0,1,14,8,1,165,3.0,1490,180,124,0,0,
Noah Hanifin,22,CGY,D,80,5,28,33,18,12,5.7,3,1,1,2,23,4,1,116,4.3,1662,83,87,0,0,
Rasmus Ristolainen,24,BUF,D,78,5,38,43,-41,38,4.3,4,1,0,2,22,16,0,182,2.7,1922,121,235,0,0,
Kyle Brodziak,34,EDM,C,70,6,3,9,-14,33,-0.4,5,0,1,2,3,0,0,74,8.1,818,46,92,399,368,52.0
Ryan Donato,22,BOS,C,34,6,3,9,-11,2,0.4,3,3,0,0,3,0,0,75,8.0,425,10,15,7,10,41.2
Teddy Blueger,24,PIT,C,28,6,4,10,7,15,1.3,5,0,1,1,2,0,2,33,18.2,310,14,52,41,51,44.6
Corey Perry,33,ANA,RW,31,6,4,10,-16,27,0.4,4,2,0,1,2,2,0,59,10.2,460,14,21,0,2,0.0
Kevin Rooney,25,NJD,C,41,6,4,10,-4,15,0.8,5,0,1,1,4,0,0,39,15.4,517,22,77,187,192,49.3
Greg McKegg,26,CAR,C,41,6,5,11,-2,8,1.0,6,0,0,1,5,0,0,27,22.2,437,18,30,146,140,51.0
Gustav Nyquist,29,SJS,RW,19,6,5,11,1,4,1.2,5,1,0,1,5,0,0,41,14.6,296,7,12,3,1,75.0
Sam Steel,20,ANA,C,22,6,5,11,2,8,1.3,5,0,1,0,3,2,0,33,18.2,329,6,9,108,112,49.1
Kiefer Sherwood,23,ANA,RW,50,6,6,12,1,8,1.0,6,0,0,1,6,0,0,60,10.0,569,19,79,7,9,43.8
Michael Amadio,22,LAK,C,43,6,7,13,-1,6,1.3,6,0,0,0,7,0,0,37,16.2,439,13,16,96,127,43.0
Marco Scandella,28,BUF,D,63,6,7,13,-13,26,2.4,6,0,0,1,6,0,1,83,7.2,1109,75,53,0,0,
Noel Acciari,27,BOS,C,72,6,8,14,-3,47,0.4,6,0,0,2,8,0,0,99,6.1,935,36,221,200,203,49.6
Brandon Dubinsky,32,CBJ,C,61,6,8,14,-16,36,0.2,6,0,0,0,7,0,1,63,9.5,754,28,147,427,321,57.1
Brian Gibbons,30,OTT,C,20,6,8,14,3,4,1.7,6,0,0,0,8,0,0,21,28.6,244,10,14,12,24,33.3
Johan Larsson,26,BUF,LW,73,6,8,14,-8,37,0.1,5,0,1,0,8,0,0,79,7.6,1043,44,112,503,490,50.7
Matt Martin,29,NYI,LW,67,6,8,14,5,53,1.0,6,0,0,1,8,0,0,62,9.7,766,42,275,6,9,40.0
Pierre-Edouard Bellemare,33,VEG,LW,76,6,9,15,2,6,0.7,4,0,2,0,9,0,0,108,5.6,945,51,71,393,326,54.7
Brett Kulak,25,MTL,D,57,6,11,17,12,31,3.9,5,0,1,3,11,0,0,102,5.9,1017,64,107,0,0,
Luke Kunin,21,MIN,C,49,6,11,17,-9,27,0.9,6,0,0,1,10,1,0,88,6.8,778,34,67,88,112,44.0
Austin Czarnik,26,CGY,C,54,6,12,18,-1,8,1.2,6,0,0,3,9,3,0,65,9.2,612,24,10,30,34,46.9
Michael Raffl,30,PHI,LW,67,6,12,18,-1,32,1.0,5,0,1,1,12,0,0,65,9.2,765,29,96,14,20,41.2
Justin Abdelkader,31,DET,LW,71,6,13,19,-14,38,0.1,4,1,1,0,12,1,0,95,6.3,1093,34,185,52,51,50.5
Milan Lucic,30,EDM,LW,79,6,14,20,-9,91,0.5,4,2,0,0,12,2,0,74,8.1,1046,22,259,25,20,55.6
Jordan Oesterle,26,ARI,D,71,6,14,20,-3,12,4.6,3,3,0,0,10,4,0,77,7.8,1342,139,58,0,0,
Jason Dickinson,23,DAL,C,67,6,16,22,9,23,1.9,6,0,0,2,16,0,0,94,6.4,896,50,106,201,268,42.9
Brett Howden,20,NYR,C,66,6,17,23,-16,14,0.7,6,0,0,1,15,2,0,74,8.1,986,47,64,353,376,48.4
Mattias Janmark,26,DAL,C,81,6,19,25,-4,24,1.3,6,0,0,0,17,1,1,105,5.7,1233,44,28,10,16,38.5
Michal Kempny,28,WSH,D,71,6,19,25,24,60,5.3,6,0,0,3,19,0,0,111,5.4,1362,135,84,0,0,
Leo Komarov,32,NYI,C,82,6,20,26,18,42,2.1,6,0,0,1,20,0,0,78,7.7,1139,38,203,84,100,45.7
Neal Pionk,23,NYR,D,73,6,20,26,-16,35,3.4,4,2,0,1,8,11,1,132,4.5,1545,98,138,0,1,0.0
Hampus Lindholm,25,ANA,D,76,6,22,28,-5,44,5.5,5,1,0,0,16,5,1,125,4.8,1824,133,81,0,0,
Josh Morrissey,23,WPG,D,59,6,25,31,9,14,5.2,2,3,1,2,17,7,1,95,6.3,1322,107,55,0,0,
Mikhail Sergachev,20,TBL,D,75,6,26,32,12,28,5.1,6,0,0,0,20,6,0,128,4.7,1344,93,97,1,1,50.0
Duncan Keith,35,CHI,D,82,6,34,40,13,70,6.0,6,0,0,1,30,3,1,141,4.3,1887,144,42,0,0,
Torey Krug,27,BOS,D,64,6,47,53,-2,33,7.1,4,2,0,2,19,28,0,151,4.0,1363,60,53,0,0,
Riley Sheahan,27,PIT,C,49,7,2,9,-7,13,0.3,6,0,1,2,1,0,1,60,11.7,620,26,50,154,159,49.2
Drake Caggiula,24,EDM,LW,29,7,4,11,-8,16,0.8,6,0,1,2,4,0,0,49,14.3,407,17,79,4,11,26.7
Lukas Radil,28,SJS,C,36,7,4,11,7,6,1.3,7,0,0,2,4,0,0,40,17.5,385,9,29,6,3,66.7
Jayce Hawryluk,23,FLA,C,42,7,5,12,-8,16,1.0,7,0,0,0,4,1,0,35,20.0,396,25,101,14,5,73.7
Joakim Nordstrom,26,BOS,C,70,7,5,12,0,13,0.4,7,0,0,3,5,0,0,103,6.8,944,52,86,48,77,38.4
Tage Thompson,21,BUF,C,65,7,5,12,-22,20,-0.1,6,1,0,0,5,0,0,108,6.5,788,9,66,10,10,50.0
Joel Eriksson Ek,22,MIN,C,58,7,7,14,-7,20,0.8,7,0,0,2,7,0,0,111,6.3,783,24,117,247,293,45.7
Nikita Zadorov,23,COL,D,70,7,7,14,19,75,4.4,7,0,0,0,7,0,0,100,7.0,1204,67,228,0,0,
Eric Fehr,33,MIN,RW,72,7,8,15,-8,30,0.8,7,0,0,0,7,0,1,67,10.4,795,48,40,364,345,51.3
Maxime Lajoie,21,OTT,D,56,7,8,15,-25,20,1.2,3,4,0,0,4,4,0,79,8.9,1059,82,34,0,0,
Dennis Cholowski,20,DET,D,52,7,9,16,-20,16,1.7,3,4,0,1,4,5,0,71,9.9,949,50,18,1,0,100.0
Denis Malgin,22,FLA,C,50,7,9,16,-10,14,0.9,7,0,0,0,8,1,0,66,10.6,644,21,40,36,56,39.1
Austin Watson,27,NSH,LW,37,7,9,16,11,39,1.9,6,1,0,1,9,0,0,64,10.9,536,28,109,7,9,43.8
Sven Andrighetto,25,COL,RW,64,7,10,17,10,14,1.6,7,0,0,1,10,0,0,95,7.4,708,32,29,3,8,27.3
Ryan Callahan,33,TBL,RW,52,7,10,17,7,14,1.5,6,1,0,3,9,0,1,76,9.2,579,25,89,6,15,28.6
Barclay Goodrow,25,SJS,RW,82,7,10,17,4,76,0.9,6,0,1,3,10,0,0,84,8.3,903,68,125,296,255,53.7
Darren Helm,32,DET,C,61,7,10,17,-11,20,0.5,6,0,1,0,7,0,3,107,6.5,889,26,50,16,20,44.4
Blake Comeau,32,DAL,RW,77,7,11,18,-7,42,0.6,7,0,0,2,11,0,0,102,6.9,1211,40,208,25,32,43.9
Marcus Foligno,27,MIN,LW,82,7,12,19,-1,55,1.2,7,0,0,0,10,1,1,91,7.7,982,43,206,13,15,46.4
Travis Hamonic,28,CGY,D,69,7,12,19,21,33,4.7,6,0,1,1,10,0,2,128,5.5,1440,167,44,0,1,0.0
James Neal,31,CGY,LW,63,7,12,19,-5,28,0.6,5,2,0,1,8,4,0,141,5.0,942,19,46,5,6,45.5
David Backes,34,BOS,C,70,7,13,20,0,31,1.3,5,2,0,1,8,5,0,129,5.4,913,30,140,176,133,57.0
Matt Cullen,42,PIT,C,71,7,13,20,6,14,1.5,5,0,2,2,11,0,2,87,8.0,817,31,32,320,320,50.0
Adam Erne,23,TBL,LW,65,7,13,20,10,40,1.7,5,2,0,3,13,0,0,70,10.0,686,26,159,11,12,47.8
Carter Rowney,29,ANA,RW,62,7,13,20,0,12,1.6,6,0,1,0,13,0,0,53,13.2,778,35,178,171,176,49.3
Kyle Turris,29,NSH,C,55,7,16,23,-6,33,1.4,3,4,0,1,14,2,0,78,9.0,863,15,24,281,272,50.8
Erik Johnson,30,COL,D,80,7,18,25,8,38,5.1,7,0,0,1,18,0,0,144,4.9,1745,143,124,0,0,
Cody Ceci,25,OTT,D,74,7,19,26,-22,18,3.1,7,0,0,2,18,1,0,132,5.3,1670,142,120,0,0,
Ivan Provorov,22,PHI,D,82,7,19,26,-16,32,3.7,7,0,0,1,17,2,0,145,4.8,2059,149,123,0,1,0.0
Nick Cousins,25,ARI,C,81,7,20,27,-8,35,1.8,6,1,0,2,18,2,0,144,4.9,1097,51,115,243,277,46.7
Nikolay Goldobin,23,VAN,LW,63,7,20,27,-10,18,1.7,6,1,0,1,11,8,1,105,6.7,944,21,15,0,0,
William Nylander,22,TOR,C,54,7,20,27,-4,16,1.6,6,1,0,0,15,5,0,130,5.4,838,14,16,203,165,55.2
Charlie McAvoy,21,BOS,D,54,7,21,28,14,45,5.7,6,1,0,3,19,1,1,79,8.9,1197,91,92,0,0,
Brett Pesce,24,CAR,D,73,7,22,29,35,24,7.9,7,0,0,2,20,0,2,98,7.1,1496,131,53,1,0,100.0
Mikkel Boedker,29,OTT,RW,71,7,28,35,-23,6,1.6,5,2,0,1,23,5,0,88,8.0,996,28,54,7,11,38.9
Ryan Ellis,28,NSH,D,82,7,34,41,21,20,8.4,5,1,1,2,30,4,0,149,4.7,1969,154,71,0,0,
Ryan Suter,34,MIN,D,82,7,40,47,-8,41,8.3,3,3,1,2,27,12,1,136,5.1,2189,109,78,1,0,100.0
William Carrier,24,VEG,LW,54,8,1,9,-4,29,0.7,8,0,0,1,1,0,0,85,9.4,537,13,277,0,0,
Matt Luff,21,LAK,RW,33,8,3,11,-2,9,1.3,7,1,0,2,3,0,0,45,17.8,367,19,17,1,3,25.0
Tyler Pitlick,27,DAL,C,47,8,4,12,-2,6,1.1,7,1,0,1,4,0,0,75,10.7,629,27,93,5,7,41.7
Andrew Mangiapane,22,CGY,LW,44,8,5,13,11,12,1.6,8,0,0,1,5,0,0,65,12.3,464,17,43,6,3,66.7
Anthony Duclair,23,OTT,LW,21,8,6,14,1,2,1.7,5,3,0,1,6,0,0,40,20.0,287,12,8,0,0,
Zach Aston-Reese,24,PIT,C,43,8,9,17,12,26,1.9,7,0,1,1,9,0,0,76,10.5,587,37,138,8,10,44.4
Tomas Nosek,26,VEG,C,68,8,9,17,-10,18,0.8,7,0,1,1,9,0,0,116,6.9,848,23,75,82,50,62.1
Henrik Borgstr√∂m,21,FLA,C,50,8,10,18,-14,4,1.1,5,3,0,0,6,4,0,54,14.8,600,12,11,165,240,40.7
Jared McCann,22,FLA,C,46,8,10,18,-9,18,1.2,6,1,1,1,8,2,0,78,10.3,647,21,45,192,229,45.6
Michael Rasmussen,19,DET,C,62,8,10,18,-8,29,1.0,4,4,0,0,10,0,0,74,10.8,749,28,84,23,41,35.9
Jesper Fast,27,NYR,RW,66,8,12,20,-3,26,1.1,8,0,0,1,12,0,0,80,10.0,1038,47,120,7,13,35.0
Zach Sanford,24,STL,LW,60,8,12,20,8,21,2.0,8,0,0,2,11,1,0,77,10.4,755,37,48,8,5,61.5
Sean Kuraly,26,BOS,C,71,8,13,21,6,38,1.6,8,0,0,3,13,0,0,134,6.0,978,35,129,285,245,53.8
Nic Dowd,28,WSH,C,64,8,14,22,10,20,2.1,8,0,0,3,13,0,1,47,17.0,659,37,97,245,227,51.9
Cal Clutterbuck,31,NYI,RW,73,8,15,23,6,44,1.7,5,3,0,2,14,0,1,95,8.4,1020,40,209,15,19,44.1
David Savard,28,CBJ,D,82,8,16,24,19,36,6.2,8,0,0,1,16,0,0,124,6.5,1619,123,122,0,0,
Matt Niskanen,32,WSH,D,80,8,17,25,-3,41,3.6,7,1,0,1,15,1,1,143,5.6,1755,137,167,0,0,
Brady Skjei,24,NYR,D,78,8,17,25,-4,44,4.5,8,0,0,1,16,0,1,126,6.3,1656,119,178,1,0,100.0
Mike Matheson,24,FLA,D,75,8,19,27,-24,44,3.2,8,0,0,2,11,6,2,129,6.2,1674,132,63,0,1,0.0
Jason Spezza,35,DAL,C,76,8,19,27,-13,29,1.7,6,2,0,1,9,10,0,121,6.6,1009,30,16,470,337,58.2
Dominik Simon,24,PIT,C,71,8,20,28,8,18,2.3,7,1,0,0,18,2,0,121,6.6,946,19,89,6,13,31.6
Connor Brown,25,TOR,RW,82,8,21,29,11,16,2.0,8,0,0,0,17,1,3,85,9.4,1131,37,35,20,31,39.2
Mikko Koivu,35,MIN,C,48,8,21,29,-2,22,2.4,6,2,0,0,10,10,1,89,9.0,878,32,13,488,406,54.6
Jaccob Slavin,24,CAR,D,82,8,23,31,0,18,6.0,2,5,1,1,20,2,1,146,5.5,1889,133,70,0,1,0.0
Jesper Bratt,20,NJD,W,51,8,25,33,-8,6,2.8,7,1,0,1,18,7,0,91,8.8,774,22,36,4,3,57.1
Ondrej Palat,27,TBL,LW,64,8,26,34,4,20,2.5,6,2,0,1,20,6,0,100,8.0,953,34,104,2,15,11.8
Mattias Ekholm,28,NSH,D,80,8,36,44,27,47,9.2,6,2,0,3,29,5,2,146,5.5,1869,107,68,0,0,
Drew Doughty,29,LAK,D,82,8,37,45,-34,44,5.7,1,7,0,1,19,17,1,154,5.2,2181,120,168,0,0,
Jacob Trouba,24,WPG,D,82,8,42,50,8,58,7.5,4,3,1,1,25,15,2,162,4.9,1876,171,112,0,0,
Brendan Lemieux,22,WPG,LW,44,9,2,11,10,64,1.8,9,0,0,1,2,0,0,37,24.3,326,15,81,4,6,40.0
Tanner Pearson,26,VAN,LW,19,9,3,12,0,4,1.7,7,2,0,1,2,1,0,42,21.4,313,13,28,1,2,33.3
Sven Baertschi,26,VAN,LW,26,9,5,14,-9,6,1.4,6,3,0,0,1,4,0,43,20.9,394,13,18,1,3,25.0
Nick Bjugstad,26,PIT,C,32,9,5,14,4,14,1.6,8,1,0,1,3,2,0,94,9.6,504,9,82,159,169,48.5
Tanner Pearson,26,PIT,LW,44,9,5,14,-6,13,1.1,8,1,0,0,4,1,0,81,11.1,582,25,82,3,6,33.3
Derick Brassard,31,PIT,C,40,9,6,15,-6,29,1.1,9,0,0,0,4,2,0,62,14.5,597,12,69,200,221,47.5
Michael Grabner,31,ARI,RW,41,9,7,16,-2,8,1.8,3,0,6,1,4,0,3,65,13.8,590,15,28,5,7,41.7
Tyler Motte,23,VAN,C,74,9,7,16,-12,10,0.7,7,0,2,1,7,0,0,114,7.9,945,52,200,15,33,31.3
Ryan Reaves,32,VEG,RW,80,9,11,20,1,74,1.6,6,3,0,2,11,0,0,95,9.5,870,24,305,40,54,42.6
Roope Hintz,22,DAL,LW,58,9,13,22,-11,24,1.6,6,3,0,3,10,3,0,99,9.1,815,36,87,217,183,54.3
Nino Niederreiter,26,MIN,RW,46,9,14,23,-11,10,1.9,6,3,0,2,9,5,0,81,11.1,672,13,46,27,16,62.8
Jack Roslovic,22,WPG,C,77,9,15,24,-2,4,1.9,4,5,0,0,13,2,0,74,12.2,750,21,32,91,118,43.5
Zack Smith,30,OTT,C,70,9,19,28,-6,81,1.5,8,0,1,1,17,0,2,101,8.9,1145,27,136,403,417,49.1
Evan Rodrigues,25,BUF,C,74,9,20,29,-7,25,1.8,7,2,0,1,15,2,3,168,5.4,1171,33,33,304,351,46.4
Nate Schmidt,27,VEG,D,61,9,21,30,22,8,6.9,8,1,0,1,14,7,0,112,8.0,1339,100,37,0,0,
Tyler Myers,28,WPG,D,80,9,22,31,11,63,5.8,8,0,1,3,14,7,1,156,5.8,1628,99,97,0,0,
Nick Ritchie,23,ANA,LW,60,9,22,31,6,82,3.0,7,2,0,2,15,7,0,96,9.4,900,31,123,4,8,33.3
Antoine Roussel,29,VAN,LW,65,9,22,31,5,118,2.9,9,0,0,1,22,0,0,84,10.7,894,50,87,17,17,50.0
P.K. Subban,29,NSH,D,63,9,22,31,5,60,5.8,6,2,1,1,14,8,0,168,5.4,1428,75,56,0,0,
Robert Thomas,19,STL,C,70,9,24,33,-2,14,2.7,6,3,0,0,20,4,0,80,11.3,915,22,13,97,123,44.1
T.J. Brodie,28,CGY,D,79,9,25,34,29,24,7.0,7,1,1,1,22,3,0,102,8.8,1696,86,21,0,1,0.0
Travis Sanheim,22,PHI,D,82,9,26,35,-4,22,5.3,7,2,0,2,23,3,0,121,7.4,1604,133,45,0,0,
Shayne Gostisbehere,25,PHI,D,78,9,28,37,-20,22,4.2,5,4,0,2,18,10,0,180,5.0,1533,102,46,0,0,
Ryan Pulock,24,NYI,D,82,9,28,37,21,22,8.3,6,3,0,3,22,6,0,180,5.0,1834,148,143,0,0,
Rasmus Dahlin,18,BUF,D,82,9,35,44,-13,34,6.6,4,5,0,4,20,15,0,177,5.1,1735,66,97,0,0,
Seth Jones,24,CBJ,D,75,9,37,46,1,28,7.5,9,0,0,4,24,10,3,184,4.9,1937,133,106,0,0,
Ryan McDonagh,29,TBL,D,82,9,37,46,38,34,8.9,9,0,0,1,31,3,3,128,7.0,1811,161,98,0,0,
Chris Tierney,24,OTT,C,81,9,39,48,-22,26,2.5,9,0,0,1,29,10,0,116,7.8,1379,54,30,531,512,50.9
Keith Yandle,32,FLA,D,82,9,53,62,-17,50,7.5,2,7,0,2,21,32,0,199,4.5,1840,76,47,0,0,
Warren Foegele,22,CAR,LW,77,10,5,15,-17,20,0.4,10,0,0,3,5,0,0,106,9.4,962,19,126,10,11,47.6
Josh Leivo,25,VAN,LW,49,10,8,18,4,25,1.8,9,1,0,0,5,3,0,113,8.8,782,18,22,4,9,30.8
Ryan Hartman,24,NSH,RW,64,10,10,20,7,44,1.9,10,0,0,2,10,0,0,113,8.8,860,21,69,2,11,15.4
Luke Glendening,29,DET,C,78,10,13,23,2,15,1.3,9,0,1,1,11,0,2,102,9.8,1231,102,198,658,524,55.7
Miles Wood,23,NJD,LW,63,10,14,24,-10,91,1.9,9,1,0,1,12,2,0,159,6.3,863,27,97,0,2,0.0
Calle Jarnkrok,27,NSH,C,79,10,16,26,13,12,2.1,8,1,1,1,15,1,0,106,9.4,1219,22,56,166,165,50.2
Brock McGinn,24,CAR,LW,82,10,16,26,10,20,2.2,9,0,1,0,16,0,0,123,8.1,1173,38,137,26,35,42.6
Alex Steen,34,STL,C,65,10,17,27,2,14,2.2,7,2,1,0,13,3,1,114,8.8,1030,50,55,11,18,37.9
Charlie Coyle,26,MIN,C,60,10,18,28,1,16,2.5,8,1,1,2,16,2,0,113,8.8,1023,45,61,226,265,46.0
Pat Maroon,30,STL,LW,74,10,18,28,-3,64,2.1,8,2,0,3,9,9,0,118,8.5,1049,7,135,2,3,40.0
Colton Parayko,25,STL,D,80,10,18,28,20,15,7.2,6,4,0,3,13,4,1,176,5.7,1823,157,127,0,0,
Lucas Wallmark,23,CAR,C,81,10,18,28,-8,36,1.7,8,2,0,4,13,5,0,131,7.6,1198,39,82,575,554,50.9
Kevin Fiala,22,NSH,LW,64,10,22,32,-11,26,2.3,9,1,0,1,16,6,0,131,7.6,963,17,28,3,2,60.0
Alexander Edler,32,VAN,D,56,10,24,34,3,54,6.4,6,4,0,2,10,13,1,128,7.8,1376,166,127,0,0,
Vincent Trocheck,25,FLA,C,55,10,24,34,-9,54,2.3,6,3,1,1,14,10,0,158,6.3,1081,42,112,498,463,51.8
Frans Nielsen,34,DET,C,72,10,25,35,-7,14,2.2,10,0,0,4,16,8,1,120,8.3,1201,44,79,450,473,48.8
Darnell Nurse,23,EDM,D,82,10,31,41,-5,87,6.6,9,1,0,1,22,8,1,196,5.1,1953,146,162,0,0,
John Klingberg,26,DAL,D,64,10,35,45,6,12,8.5,5,5,0,5,20,15,0,153,6.5,1570,77,42,0,0,
Jared McCann,22,PIT,C,32,11,6,17,8,13,2.3,8,0,3,1,6,0,0,72,15.3,486,30,32,83,91,47.7
Christian Fischer,21,ARI,RW,71,11,7,18,-13,27,1.3,11,0,0,0,7,0,0,116,9.5,935,19,124,2,5,28.6
Pontus Aberg,25,ANA,LW,37,11,8,19,-10,14,1.8,8,3,0,1,7,1,0,74,14.9,578,7,31,2,9,18.2
Anthony Duclair,23,CBJ,LW,53,11,8,19,-3,12,1.9,7,4,0,2,7,1,0,92,12.0,652,21,24,2,13,13.3
Garnet Hathaway,27,CGY,RW,76,11,8,19,14,56,2.0,9,0,2,5,8,0,0,77,14.3,800,36,200,7,8,46.7
Magnus Paajarvi,27,OTT,LW,80,11,8,19,-14,6,0.7,10,0,1,1,7,0,1,119,9.2,1078,67,65,7,9,43.8
Ondrej Kase,23,ANA,RW,30,11,9,20,0,2,2.5,10,1,0,2,6,3,0,94,11.7,470,11,17,9,18,33.3
Kyle Clifford,28,LAK,LW,72,11,10,21,4,96,2.3,10,1,0,2,10,0,0,115,9.6,755,24,115,3,5,37.5
Filip Chytil,19,NYR,C,75,11,12,23,-22,8,0.9,8,3,0,2,8,4,0,133,8.3,1034,21,29,68,107,38.9
Andrew Copp,24,WPG,C,69,11,14,25,20,6,2.9,10,0,1,2,14,0,0,82,13.4,839,34,71,198,160,55.3
Lawson Crouse,21,ARI,LW,81,11,14,25,5,67,2.6,9,0,2,1,14,0,0,131,8.4,1049,44,288,24,34,41.4
Matt Calvert,29,COL,LW,82,11,15,26,-10,58,1.4,10,1,0,0,12,1,2,141,7.8,1164,51,115,40,53,43.0
Tyson Jost,20,COL,C,70,11,15,26,-2,14,2.1,7,4,0,3,14,1,0,114,9.6,910,35,48,55,91,37.7
Jordan Staal,30,CAR,C,50,11,17,28,6,26,2.7,11,0,0,1,15,2,0,121,9.1,914,18,122,571,452,55.8
Loui Eriksson,33,VAN,LW,81,11,18,29,-11,22,1.9,10,1,0,2,16,2,0,107,10.3,1139,28,3,2,4,33.3
Artturi Lehkonen,23,MTL,LW,82,11,20,31,10,32,2.3,11,0,0,4,20,0,0,176,6.3,1276,39,120,5,14,26.3
Vladislav Namestnikov,26,NYR,C,78,11,20,31,-7,44,2.0,8,1,2,3,15,2,3,119,9.2,1232,62,140,22,32,40.7
Esa Lindell,24,DAL,D,82,11,21,32,14,33,8.6,5,4,2,1,18,3,0,132,8.3,1995,161,143,0,0,
Danton Heinen,23,BOS,C,77,11,23,34,13,16,3.3,10,1,0,2,17,6,0,114,9.6,1076,36,54,2,10,16.7
Jesperi Kotkaniemi,18,MTL,C,79,11,23,34,1,26,2.6,10,1,0,2,19,4,0,134,8.2,1086,41,66,359,426,45.7
Justin Faulk,26,CAR,D,82,11,24,35,9,47,7.4,5,6,0,3,20,4,0,217,5.1,1839,121,156,0,0,
Jaden Schwartz,26,STL,C,69,11,25,36,-6,16,2.6,9,2,0,1,22,3,0,183,6.0,1251,27,61,18,19,48.6
Taylor Hall,27,NJD,LW,33,11,26,37,-6,16,3.8,10,1,0,3,15,11,0,113,9.7,650,29,22,26,32,44.8
Mats Zuccarello,31,NYR,LW,46,11,26,37,-11,24,2.9,8,3,0,1,15,11,0,99,11.1,921,42,57,10,20,33.3
Damon Severson,24,NJD,D,82,11,28,39,-27,58,5.4,8,3,0,0,18,9,1,146,7.5,1808,87,83,0,0,
Zach Werenski,21,CBJ,D,82,11,33,44,-12,18,6.5,9,2,0,1,20,13,0,168,6.5,1878,89,67,0,0,
Brendan Perlini,22,CHI,LW,46,12,3,15,-12,20,1.3,12,0,0,0,3,0,0,77,15.6,488,15,38,1,4,20.0
Melker Karlsson,28,SJS,C,79,12,4,16,-1,26,1.0,12,0,0,2,4,0,0,79,15.2,908,39,67,14,12,53.8
Tyler Ennis,29,TOR,C,51,12,6,18,-6,2,1.8,10,2,0,1,3,3,0,81,14.8,507,14,49,1,0,100.0
Brandon Pirri,27,VEG,C,31,12,6,18,7,6,2.6,9,3,0,3,5,1,0,82,14.6,448,13,29,15,19,44.1
Chris Wagner,27,BOS,C,76,12,7,19,3,51,1.6,12,0,0,1,7,0,0,135,8.9,1022,38,247,54,66,45.0
Troy Brouwer,33,FLA,RW,75,12,9,21,-6,47,1.5,11,0,1,1,9,0,0,86,14.0,952,38,177,19,32,37.3
Austin Wagner,21,LAK,LW,62,12,9,21,2,16,2.7,12,0,0,0,9,0,0,67,17.9,554,9,142,2,4,33.3
Josh Archibald,26,ARI,RW,68,12,10,22,1,15,2.4,12,0,0,1,9,0,1,92,13.0,923,39,161,12,25,32.4
Mathew Dumba,24,MIN,D,32,12,10,22,-5,21,4.2,6,6,0,1,4,6,0,93,12.9,748,43,60,0,0,
Markus Granlund,25,VAN,C,77,12,10,22,-4,20,1.6,10,2,0,1,8,1,1,123,9.8,1158,24,46,149,199,42.8
Adam Lowry,25,WPG,LW,78,12,11,23,6,33,1.8,11,0,1,3,9,0,2,105,11.4,1142,49,223,643,473,57.6
Jordan Greenway,21,MIN,LW,81,12,12,24,-12,29,1.7,12,0,0,0,12,0,0,109,11.0,1104,40,57,31,50,38.3
Andre Burakovsky,23,WSH,LW,76,12,13,25,2,14,2.2,11,1,0,4,13,0,0,100,12.0,846,29,35,7,13,35.0
Casey Mittelstadt,20,BUF,C,77,12,13,25,-19,10,1.4,9,3,0,1,6,7,0,118,10.2,1036,16,30,213,323,39.7
Marcus Johansson,28,NJD,C,48,12,15,27,-15,8,2.3,10,2,0,1,8,7,0,103,11.7,789,18,23,14,30,31.8
Colin Wilson,29,COL,C,65,12,15,27,-6,8,2.2,7,5,0,2,13,2,0,104,11.5,882,31,55,20,32,38.5
Adrian Kempe,22,LAK,LW,81,12,16,28,-10,50,2.0,12,0,0,2,12,4,0,118,10.2,1175,21,86,315,424,42.6
Scott Laughton,24,PHI,C,82,12,20,32,-11,53,1.9,12,0,0,1,18,0,2,130,9.2,1218,46,146,344,291,54.2
Miro Heiskanen,19,DAL,D,82,12,21,33,-14,16,6.5,10,2,0,4,14,6,1,182,6.6,1895,71,34,0,0,
Vince Dunn,22,STL,D,78,12,23,35,14,45,7.2,9,3,0,4,18,5,0,150,8.0,1368,68,48,0,1,0.0
Shea Theodore,23,VEG,D,79,12,25,37,-4,20,6.2,8,4,0,1,19,5,1,202,5.9,1588,91,27,1,0,100.0
Phillip Danault,25,MTL,LW,81,12,41,53,17,39,4.6,12,0,0,1,35,4,2,132,9.1,1440,60,95,882,706,55.5
Victor Hedman,28,TBL,D,70,12,42,54,24,44,8.9,10,2,0,4,18,23,1,182,6.6,1594,97,59,0,1,0.0
Cedric Paquette,25,TBL,C,80,13,4,17,7,80,1.4,11,0,2,1,4,0,0,87,14.9,960,61,269,404,364,52.6
Conor Garland,22,ARI,RW,47,13,5,18,1,12,2.5,9,4,0,2,3,2,0,118,11.0,601,17,33,10,8,55.6
Brian Boyle,34,NJD,C,47,13,6,19,-13,22,1.9,6,6,1,2,3,2,1,81,16.0,650,36,88,103,102,50.2
Joel Armia,25,MTL,RW,57,13,10,23,0,14,2.0,10,2,1,2,6,4,0,134,9.7,900,21,113,5,24,17.2
Pavel Zacha,21,NJD,C,61,13,12,25,-6,15,2.3,7,4,2,2,9,2,1,99,13.1,981,24,68,348,364,48.9
Mathieu Joseph,21,TBL,RW,70,13,13,26,5,26,2.5,13,0,0,1,11,0,2,95,13.7,795,14,129,10,24,29.4
Sam Bennett,22,CGY,C,71,13,14,27,-6,93,1.9,9,4,0,2,12,2,0,115,11.3,944,27,121,50,40,55.6
Nolan Patrick,20,PHI,C,72,13,18,31,-8,27,2.2,12,1,0,3,17,1,0,115,11.3,1086,26,72,399,380,51.2
Jeff Carter,34,LAK,C,76,13,20,33,-20,42,2.0,7,5,1,1,11,8,1,174,7.5,1380,30,80,607,577,51.3
Tyler Toffoli,26,LAK,C,82,13,21,34,-16,23,2.2,10,3,0,3,19,2,0,226,5.8,1411,23,39,24,27,47.1
Lars Eller,29,WSH,C,81,13,23,36,-1,37,2.3,12,0,1,1,18,3,2,163,8.0,1339,47,69,543,566,49.0
Aaron Ekblad,22,FLA,D,82,13,24,37,1,47,6.8,8,5,0,1,19,5,0,180,7.2,1939,88,114,0,0,
Dominik Kahun,23,CHI,C,82,13,24,37,10,6,3.1,12,1,0,2,23,1,0,137,9.5,1160,27,13,22,39,36.1
Tyler Bozak,32,STL,C,72,13,25,38,-3,20,3.2,11,2,0,3,19,6,0,141,9.2,1177,33,52,451,379,54.3
Derek Ryan,32,CGY,C,81,13,25,38,21,24,3.7,11,2,0,1,16,5,4,103,12.6,1118,19,19,440,316,58.2
Alex Pietrangelo,29,STL,D,71,13,28,41,2,22,7.3,10,3,0,2,15,12,1,168,7.7,1709,139,62,0,1,0.0
Paul Stastny,33,VEG,C,50,13,29,42,14,30,4.7,11,1,1,2,25,3,1,103,12.6,905,15,35,463,384,54.7
Jeff Petry,31,MTL,D,82,13,33,46,-5,28,6.8,10,3,0,4,24,8,1,172,7.6,1896,123,190,0,1,0.0
J.T. Miller,25,TBL,C,75,13,34,47,8,30,4.2,9,4,0,4,18,16,0,108,12.0,1100,23,115,259,265,49.4
John Carlson,29,WSH,D,80,13,57,70,21,34,10.5,10,3,0,1,27,30,0,185,7.0,2005,164,54,0,0,
Daniel Sprong,21,ANA,RW,47,14,5,19,-9,10,2.1,12,2,0,3,3,2,0,109,12.8,616,9,23,3,9,25.0
Ivan Barbashev,23,STL,C,80,14,12,26,-4,17,2.5,12,0,2,1,12,0,0,60,23.3,921,31,86,201,240,45.6
Kyle Okposo,30,BUF,RW,78,14,15,29,-9,41,2.3,7,7,0,2,11,4,0,147,9.5,1075,27,87,63,71,47.0
Brandon Tanev,27,WPG,LW,80,14,15,29,9,41,2.7,12,0,2,0,14,0,1,127,11.0,1129,81,278,3,5,37.5
Nino Niederreiter,26,CAR,RW,36,14,16,30,7,20,3.7,11,3,0,1,12,4,0,103,13.6,658,7,48,10,14,41.7
Oskar Sundqvist,24,STL,C,74,14,17,31,-1,22,2.9,13,0,1,2,15,1,1,113,12.4,1023,31,101,227,314,42.0
Mark Jankowski,24,CGY,C,79,14,18,32,6,12,2.9,9,0,5,1,15,0,3,99,14.1,1004,56,30,426,394,52.0
Richard Panik,27,ARI,RW,75,14,19,33,-3,44,3.2,13,0,1,2,17,2,0,140,10.0,1246,52,137,5,13,27.8
Shea Weber,33,MTL,D,58,14,19,33,15,28,6.8,9,5,0,3,18,1,0,166,8.4,1362,110,129,0,0,
Conor Sheary,26,BUF,LW,78,14,20,34,-18,12,2.4,10,4,0,3,18,2,0,147,9.5,1140,29,29,19,15,55.9
Joonas Donskoi,26,SJS,RW,80,14,23,37,10,10,3.4,13,1,0,4,21,2,0,115,12.2,1074,36,36,1,9,10.0
Colin White,22,OTT,C,71,14,27,41,-24,24,2.6,9,5,0,2,24,3,0,123,11.4,1150,35,23,379,420,47.4
Kevin Hayes,26,NYR,RW,51,14,28,42,1,10,4.1,9,3,2,1,19,8,1,119,11.8,992,12,51,373,395,48.6
Jared Spurgeon,29,MIN,D,82,14,29,43,-1,20,8.8,10,4,0,0,21,7,1,152,9.2,1980,145,91,1,0,100.0
Oliver Ekman-Larsson,27,ARI,D,81,14,30,44,-16,52,7.9,8,5,1,2,14,14,2,176,8.0,1915,52,162,0,0,
Clayton Keller,20,ARI,C,82,14,33,47,-21,24,3.6,13,1,0,5,15,18,0,200,7.0,1495,21,16,28,56,33.3
Ryan Getzlaf,33,ANA,C,67,14,34,48,-19,58,3.7,13,1,0,2,24,10,0,133,10.5,1304,74,150,551,463,54.3
Thomas Chabot,22,OTT,D,70,14,41,55,-12,32,7.5,12,1,1,2,26,15,0,185,7.6,1700,112,71,0,0,
Tyson Barrie,27,COL,D,78,14,45,59,-3,36,8.4,12,2,0,2,22,23,0,218,6.4,1699,93,48,0,0,
Ryan Johansen,26,NSH,C,80,14,50,64,7,42,5.6,13,0,1,6,33,16,1,136,10.3,1564,23,95,782,679,53.5
Jordan Martinook,26,CAR,LW,82,15,10,25,1,38,2.2,14,0,1,5,10,0,0,146,10.3,1188,46,199,150,191,44.0
Jake Virtanen,22,VAN,RW,70,15,10,25,-4,44,2.4,13,2,0,1,10,0,0,154,9.7,1037,37,154,5,10,33.3
Zack Kassian,28,EDM,RW,79,15,11,26,-6,102,2.0,14,0,1,3,11,0,0,111,13.5,1169,15,191,0,6,0.0
Radek Faksa,25,DAL,C,81,15,15,30,-3,54,2.6,13,1,1,1,12,2,1,114,13.2,1331,65,103,570,562,50.4
Mathieu Perreault,31,WPG,C,82,15,15,30,-1,44,2.7,11,4,0,3,12,3,0,95,15.8,1003,25,127,26,27,49.1
Colton Sissons,25,NSH,C,75,15,15,30,20,23,3.3,14,1,0,3,13,1,1,110,13.6,1203,52,109,421,372,53.1
Paul Byron,29,MTL,C,56,15,16,31,16,17,3.8,13,0,2,3,14,1,1,94,16.0,816,36,114,12,23,34.3
Alex Iafallo,25,LAK,C,82,15,18,33,-17,22,2.3,13,2,0,2,14,4,0,148,10.1,1380,54,87,7,17,29.2
Derek Stepan,28,ARI,C,72,15,20,35,-2,14,3.3,11,1,3,3,18,2,0,195,7.7,1384,51,50,651,725,47.3
Artem Anisimov,30,CHI,C,78,15,22,37,-2,14,2.6,13,1,1,1,19,3,0,142,10.6,1275,33,25,332,394,45.7
Bryan Little,31,WPG,RW,82,15,26,41,-12,26,2.9,11,4,0,5,21,3,2,126,11.9,1298,29,62,526,476,52.5
Alexander Kerfoot,24,COL,C,78,15,27,42,-9,38,3.4,11,4,0,1,15,12,0,116,12.9,1161,29,22,274,215,56.0
Bobby Ryan,31,OTT,LW,78,15,27,42,-29,35,2.5,8,7,0,1,18,9,0,160,9.4,1223,49,77,8,18,30.8
Mikael Granlund,26,MIN,C,63,15,34,49,-2,20,4.7,11,2,2,5,18,16,0,160,9.4,1179,33,28,112,137,45.0
Roman Josi,28,NSH,D,82,15,41,56,9,42,9.9,13,2,0,4,30,10,1,274,5.5,2064,144,53,0,1,0.0
Wayne Simmonds,30,PHI,RW,62,16,11,27,-20,90,1.7,11,5,0,2,8,3,0,136,11.8,1026,21,113,4,12,25.0
Jason Pominville,36,BUF,RW,73,16,15,31,-4,4,3.2,15,1,0,3,14,1,0,134,11.9,910,20,18,18,17,51.4
J.T. Compher,23,COL,LW,66,16,16,32,-8,31,2.6,9,4,3,3,11,5,0,118,13.6,1153,59,33,301,311,49.2
Michael Frolik,30,CGY,LW,65,16,18,34,24,26,4.2,14,0,2,4,18,0,0,132,12.1,868,22,57,13,25,34.2
Ilya Kovalchuk,35,LAK,LW,64,16,18,34,-26,10,2.6,12,4,0,1,13,5,0,141,11.3,1039,19,28,16,20,44.4
Thomas Vanek,35,DET,LW,64,16,20,36,-12,26,3.3,12,4,0,1,13,7,0,108,14.8,903,13,38,7,18,28.0
Patrick Marleau,39,TOR,C,82,16,21,37,-6,28,2.5,12,4,0,3,15,6,0,161,9.9,1340,41,74,104,99,51.2
Boone Jenner,25,CBJ,C,77,16,22,38,6,42,3.6,14,1,1,3,20,2,0,170,9.4,1314,70,158,626,531,54.1
Vinnie Hinostroza,24,ARI,C,72,16,23,39,-4,14,4.2,13,3,0,3,21,2,0,152,10.5,1099,41,69,39,64,37.9
Nazem Kadri,28,TOR,C,73,16,28,44,-2,43,3.7,12,4,0,5,19,9,0,184,8.7,1182,13,85,403,327,55.2
Gustav Nyquist,29,DET,RW,62,16,33,49,0,8,4.6,15,1,0,2,23,10,0,163,9.8,1123,16,24,8,10,44.4
Joe Thornton,39,SJS,C,73,16,35,51,8,20,4.8,13,3,0,4,23,12,0,90,17.8,1135,14,17,356,319,52.7
Josh Bailey,29,NYI,C,82,16,40,56,8,21,5.4,13,2,1,4,28,12,0,126,12.7,1380,32,19,140,132,51.5
Kris Letang,31,PIT,D,65,16,40,56,13,48,9.0,13,2,1,3,22,17,1,206,7.8,1687,111,116,0,0,
Brent Burns,33,SJS,D,82,16,67,83,13,34,12.0,8,7,1,6,42,21,4,300,5.3,2058,105,90,0,1,0.0
Marcus Sorensen,26,SJS,RW,80,17,13,30,10,23,3.1,16,0,1,1,12,0,1,100,17.0,1037,29,88,12,19,38.7
Valtteri Filppula,34,NYI,C,72,17,14,31,19,16,3.9,16,0,1,4,14,0,0,78,21.8,1028,34,12,398,413,49.1
Oskar Lindblom,22,PHI,LW,81,17,16,33,-9,20,2.7,15,2,0,2,15,1,0,162,10.5,1113,52,68,3,7,30.0
Nick Bonino,30,NSH,C,81,17,18,35,27,18,4.1,14,3,0,1,17,0,1,118,14.4,1321,70,24,586,546,51.8
Nick Foligno,31,CBJ,LW,73,17,18,35,12,44,3.6,15,2,0,2,16,2,0,141,12.1,1292,51,175,133,102,56.6
Jimmy Vesey,25,NYR,LW,81,17,18,35,-6,21,2.9,16,1,0,4,15,3,0,154,11.0,1301,34,79,8,24,25.0
Micheal Ferland,26,CAR,LW,71,17,23,40,13,58,4.7,11,6,0,3,16,7,0,156,10.9,1001,19,182,23,50,31.5
Nico Hischier,20,NJD,C,69,17,30,47,0,24,4.8,14,3,0,3,22,8,0,160,10.6,1249,44,53,437,529,45.2
Dylan Strome,21,CHI,C,58,17,34,51,2,14,4.9,14,3,0,2,25,9,0,105,16.2,989,37,11,296,363,44.9
Brayden Schenn,27,STL,C,72,17,37,54,3,40,5.2,13,4,0,5,29,8,0,159,10.7,1338,31,111,323,357,47.5
Kevin Labanc,23,SJS,RW,82,17,39,56,-1,36,5.1,15,2,0,4,21,18,0,130,13.1,1150,16,66,9,14,39.1
Erik Gustafsson,26,CHI,D,79,17,43,60,-6,34,7.7,13,4,0,3,29,14,0,160,10.6,1784,115,100,0,0,
Mark Giordano,35,CGY,D,78,17,57,74,39,69,12.6,10,3,4,2,37,18,2,221,7.7,1891,144,58,0,0,
Anthony Beauvillier,21,NYI,LW,81,18,10,28,1,8,2.8,17,1,0,4,9,1,0,156,11.5,1186,35,87,26,31,45.6
Ryan Strome,25,NYR,C,63,18,15,33,-2,50,3.5,14,4,0,2,12,3,0,80,22.5,1002,31,53,266,298,47.2
Bryan Rust,26,PIT,RW,72,18,17,35,10,24,3.7,16,0,2,4,15,0,2,141,12.8,1145,59,119,8,16,33.3
Patric Hornqvist,32,PIT,RW,69,18,19,37,-3,26,3.6,12,6,0,2,13,6,0,197,9.1,1068,34,150,9,9,50.0
Dougie Hamilton,25,CAR,D,82,18,21,39,0,54,7.6,16,2,0,2,16,5,0,259,6.9,1613,91,160,0,1,0.0
Alex Killorn,29,TBL,C,82,18,22,40,22,45,4.3,15,2,1,2,18,3,1,153,11.8,1220,23,88,2,8,20.0
Adam Henrique,28,ANA,C,82,18,24,42,-5,24,4.0,10,8,0,3,18,5,1,122,14.8,1349,71,78,571,511,52.8
Rickard Rakell,25,ANA,RW,69,18,25,43,-13,27,3.9,12,6,0,2,18,7,0,194,9.3,1275,38,82,17,31,35.4
Jonathan Drouin,23,MTL,LW,81,18,35,53,-8,26,4.4,15,3,0,3,22,13,0,190,9.5,1371,23,55,37,51,42.0
Mathew Barzal,21,NYI,C,82,18,44,62,-5,46,5.6,15,3,0,3,29,15,0,179,10.1,1470,56,25,241,339,41.6
Brad Richardson,33,ARI,C,66,19,8,27,6,22,3.7,16,0,3,3,5,0,3,128,14.8,1054,55,63,577,474,54.9
Jordan Eberle,28,NYI,RW,78,19,18,37,-6,17,3.4,12,7,0,5,13,5,0,160,11.9,1289,35,36,9,11,45.0
Anthony Cirelli,21,TBL,C,82,19,20,39,25,34,4.4,14,0,5,5,18,1,1,123,15.4,1217,49,94,502,449,52.8
Alex Galchenyuk,24,ARI,C,72,19,22,41,-19,34,4.1,10,9,0,4,10,12,0,159,11.9,1133,34,62,188,223,45.7
Travis Zajac,33,NJD,C,80,19,27,46,-25,20,3.5,12,5,2,3,20,7,0,120,15.8,1542,38,66,841,605,58.2
Andrew Shaw,27,MTL,C,63,19,28,47,17,71,5.5,16,3,0,3,25,3,0,135,14.1,1003,36,128,181,203,47.1
Reilly Smith,27,VEG,RW,74,19,34,53,13,14,5.7,14,4,1,1,21,10,3,178,10.7,1352,33,39,5,2,71.4
Casey Cizikas,27,NYI,C,73,20,13,33,22,36,4.6,18,0,2,3,12,0,1,111,18.0,1024,68,129,497,516,49.1
Andrei Svechnikov,18,CAR,RW,82,20,17,37,0,62,3.9,20,0,0,3,12,5,0,189,10.6,1201,26,123,1,6,14.3
Andreas Johnsson,24,TOR,LW,73,20,23,43,14,32,4.9,17,3,0,3,20,3,0,130,15.4,998,36,60,7,12,36.8
Kasperi Kapanen,22,TOR,RW,78,20,24,44,12,27,4.4,17,1,2,3,22,2,0,174,11.5,1296,19,92,5,4,55.6
Alex Tuch,22,VEG,RW,74,20,32,52,13,8,5.9,17,3,0,6,29,3,0,180,11.1,1238,40,92,43,69,38.4
Jakub Voracek,29,PHI,RW,78,20,46,66,-16,25,5.4,16,4,0,2,32,14,0,210,9.5,1456,29,17,12,18,40.0
Morgan Rielly,24,TOR,D,82,20,52,72,24,14,11.7,17,3,0,5,34,18,0,223,9.0,1896,114,61,0,1,0.0
David Krejci,32,BOS,C,81,20,53,73,7,16,7.3,14,6,0,4,43,10,0,139,14.4,1432,24,28,530,565,48.4
Blake Wheeler,32,WPG,RW,82,20,71,91,0,60,8.2,16,2,2,3,39,31,1,231,8.7,1698,53,81,31,57,35.2
Nikolaj Ehlers,22,WPG,LW,62,21,16,37,2,15,4.2,19,2,0,4,11,5,0,158,13.3,977,16,27,1,1,50.0
Pavel Buchnevich,23,NYR,LW,64,21,17,38,-10,13,4.0,14,7,0,1,12,5,0,119,17.6,971,20,60,7,18,28.0
Craig Smith,29,NSH,C,76,21,17,38,11,20,4.5,17,4,0,2,13,4,0,205,10.2,1150,33,77,26,28,48.1
Zach Hyman,26,TOR,C,71,21,20,41,16,65,4.5,20,0,1,4,20,0,0,144,14.6,1227,39,102,112,126,47.1
Jason Zucker,27,MIN,LW,81,21,21,42,-9,28,4.1,14,7,0,5,14,7,0,214,9.8,1383,38,87,2,11,15.4
Mikael Backlund,29,CGY,C,77,21,26,47,34,52,5.4,19,1,1,4,24,1,1,205,10.2,1378,26,52,511,520,49.6
Tyler Bertuzzi,23,DET,LW,73,21,26,47,11,36,5.2,18,3,0,4,23,3,0,131,16.0,1206,39,76,10,20,33.3
Evgeny Kuznetsov,26,WSH,C,76,21,51,72,7,50,6.8,13,8,0,3,36,15,0,193,10.9,1428,20,46,396,627,38.7
Evgeni Malkin,32,PIT,C,68,21,51,72,-25,89,6.2,12,9,0,5,34,17,0,187,11.2,1279,33,54,381,452,45.7
Teuvo Teravainen,24,CAR,LW,82,21,55,76,30,12,8.7,12,8,1,1,35,16,4,167,12.6,1469,23,35,18,25,41.9
Blake Coleman,27,NJD,C,78,22,14,36,-19,71,3.3,16,3,3,3,12,0,2,213,10.3,1327,44,225,109,153,41.6
Alex Chiasson,28,EDM,RW,73,22,16,38,-1,32,4.0,13,8,1,1,8,7,1,123,17.9,1239,31,85,7,15,31.8
Max Pacioretty,30,VEG,LW,66,22,18,40,-13,36,4.1,18,4,0,5,14,4,0,191,11.5,1122,20,119,21,31,40.4
Tom Wilson,24,WSH,RW,63,22,18,40,11,128,4.4,17,3,2,2,16,2,0,130,16.9,1143,52,200,29,24,54.7
Cody Eakin,27,VEG,C,78,22,19,41,19,16,5.2,18,1,3,3,16,3,0,120,18.3,1200,35,88,479,461,51.0
Ryan Dzingel,26,OTT,C,57,22,22,44,-13,29,4.4,18,4,0,4,16,6,0,133,16.5,1012,35,41,36,54,40.0
Brady Tkachuk,19,OTT,LW,71,22,23,45,-10,75,4.4,18,4,0,3,17,6,0,214,10.3,1138,26,174,73,76,49.0
Brett Connolly,26,WSH,RW,81,22,24,46,13,24,5.2,21,1,0,5,23,1,0,139,15.8,1080,25,53,9,22,29.0
Yanni Gourde,27,TBL,C,80,22,26,48,9,66,4.9,16,5,1,5,21,4,1,130,16.9,1267,30,83,151,132,53.4
Dustin Brown,34,LAK,RW,72,22,29,51,-17,24,4.7,12,9,1,3,25,3,1,180,12.2,1469,29,150,1,16,5.9
Eric Staal,34,MIN,C,81,22,30,52,-7,34,5.1,15,7,0,6,21,8,1,215,10.2,1468,28,41,642,615,51.1
Anze Kopitar,31,LAK,C,81,22,38,60,-20,30,5.0,19,1,2,3,20,18,0,156,14.1,1807,66,59,1002,817,55.1
Sam Reinhart,23,BUF,C,82,22,43,65,-10,16,6.0,20,2,0,1,30,13,0,180,12.2,1555,47,38,31,56,35.6
Nicklas Backstrom,31,WSH,C,80,22,52,74,2,30,6.6,15,7,0,5,34,18,0,169,13.0,1596,30,54,700,739,48.6
Claude Giroux,31,PHI,C,82,22,63,85,9,24,7.9,19,2,1,4,42,21,0,229,9.6,1759,19,28,674,489,58.0
Oliver Bjorkstrand,23,CBJ,RW,77,23,13,36,8,8,4.8,20,3,0,1,13,0,0,161,14.3,950,34,43,5,8,38.5
David Perron,30,STL,LW,57,23,23,46,3,46,5.5,16,7,0,1,16,7,0,112,20.5,974,13,52,15,18,45.5
Brandon Saad,26,CHI,LW,80,23,24,47,-9,12,3.9,15,5,3,3,23,1,0,195,11.8,1415,25,52,24,38,38.7
Carl Soderberg,33,COL,C,82,23,26,49,-5,26,4.7,18,2,3,2,18,8,0,188,12.2,1431,67,99,528,542,49.3
Justin Williams,37,CAR,RW,82,23,30,53,-4,44,5.3,14,9,0,5,25,5,0,237,9.7,1430,32,55,92,150,38.0
Frank Vatrano,24,FLA,LW,81,24,15,39,-10,38,4.0,22,2,0,1,9,6,0,208,11.5,1188,74,139,15,23,39.5
Jakob Silfverberg,28,ANA,LW,73,24,19,43,-9,28,4.7,19,3,2,4,10,8,1,163,14.7,1248,43,38,19,32,37.3
Jakub Vrana,22,WSH,LW,82,24,23,47,20,27,5.6,23,1,0,4,20,3,0,161,14.9,1151,32,47,4,6,40.0
Travis Konecny,21,PHI,C,82,24,25,49,-4,40,4.9,20,4,0,3,21,4,0,182,13.2,1251,45,65,7,15,31.8
William Karlsson,26,VEG,C,82,24,32,56,1,16,5.7,16,7,1,5,23,7,2,169,14.2,1545,55,51,588,646,47.6
Anthony Mantha,24,DET,RW,67,25,23,48,-8,30,5.0,18,7,0,1,17,6,0,198,12.6,1194,23,67,22,28,44.0
Brock Nelson,27,NYI,C,82,25,28,53,20,28,6.3,22,2,1,3,22,6,0,181,13.8,1474,55,51,594,652,47.7
T.J. Oshie,32,WSH,C,69,25,29,54,5,36,5.6,18,6,1,4,21,8,0,143,17.5,1284,55,133,84,121,41.0
Tomas Tatar,28,MTL,C,80,25,33,58,21,34,6.8,21,4,0,4,29,4,0,195,12.8,1313,30,77,10,29,25.6
Jonathan Marchessault,28,VEG,C,82,25,34,59,2,52,6.3,20,5,0,6,23,11,0,278,9.0,1488,22,98,92,155,37.2
Brock Boeser,21,VAN,RW,69,26,30,56,-2,22,6.3,20,6,0,3,21,9,0,209,12.4,1322,22,14,39,51,43.3
Mitch Marner,21,TOR,RW,82,26,68,94,22,22,9.8,22,3,1,5,48,18,2,233,11.2,1625,43,29,7,5,58.3
Jake Debrusk,22,BOS,LW,68,27,15,42,2,18,5.2,19,8,0,4,12,3,0,156,17.3,1099,24,45,8,30,21.1
Josh Anderson,24,CBJ,RW,82,27,20,47,25,60,6.2,22,3,2,5,15,4,1,230,11.7,1396,40,214,12,26,31.6
James van Riemsdyk,29,PHI,LW,66,27,21,48,-10,18,5.2,19,8,0,4,16,5,0,167,16.2,1096,16,34,6,5,54.5
Kyle Palmieri,27,NJD,RW,74,27,23,50,-9,42,5.6,16,11,0,2,16,7,0,224,12.1,1343,35,98,24,62,27.9
Jamie Benn,29,DAL,LW,78,27,26,53,14,56,6.6,19,8,0,2,23,3,0,189,14.3,1422,71,142,205,213,49.0
Matt Duchene,28,OTT,C,50,27,31,58,-2,6,6.8,22,5,0,1,24,7,0,126,21.4,962,28,17,473,386,55.1
Pierre-Luc Dubois,20,CBJ,LW,82,27,34,61,16,64,7.2,25,2,0,5,27,7,0,174,15.5,1453,52,115,455,592,43.5
Bo Horvat,23,VAN,C,82,27,34,61,-4,33,6.2,18,7,2,3,22,11,1,227,11.9,1709,63,62,1083,935,53.7
Logan Couture,29,SJS,C,81,27,43,70,-6,22,6.6,19,6,2,3,31,12,0,204,13.2,1506,52,65,282,327,46.3
Elias Lindholm,24,CGY,C,81,27,51,78,30,20,8.4,17,9,1,5,31,17,3,182,14.8,1623,39,82,509,428,54.3
Phil Kessel,31,PIT,RW,82,27,55,82,-19,28,7.7,15,12,0,10,31,24,0,215,12.6,1474,18,12,4,5,44.4
Filip Forsberg,24,NSH,C,64,28,22,50,8,26,6.3,19,7,2,4,19,3,0,217,12.9,1191,29,100,1,6,14.3
Anders Lee,28,NYI,C,82,28,23,51,20,58,6.5,18,10,0,5,17,6,0,204,13.7,1401,51,103,75,80,48.4
Chris Kreider,27,NYR,C,79,28,24,52,4,57,6.0,21,7,0,2,19,5,0,201,13.9,1375,49,159,27,45,37.5
Zach Parise,34,MIN,LW,74,28,33,61,-2,26,6.9,18,10,0,5,25,6,2,229,12.2,1381,71,49,9,25,26.5
Mark Stone,26,OTT,RW,59,28,34,62,13,22,7.4,22,5,1,4,22,12,0,145,19.3,1213,53,51,25,28,47.2
Elias Pettersson,20,VAN,C,71,28,38,66,3,12,7.8,18,10,0,7,26,12,0,144,19.4,1294,51,42,257,370,41.0
Ryan Nugent-Hopkins,25,EDM,C,82,28,41,69,-13,26,6.6,19,8,1,3,21,18,2,208,13.5,1648,40,69,379,461,45.1
Evgenii Dadonov,29,FLA,RW,82,28,42,70,-6,8,7.1,20,8,0,4,33,9,0,195,14.4,1506,42,33,2,3,40.0
Max Domi,23,MTL,LW,82,28,44,72,20,80,8.2,24,4,0,2,37,7,0,203,13.8,1425,39,53,447,549,44.9
Ryan O'Reilly,27,STL,C,82,28,49,77,22,12,8.8,21,6,1,5,31,16,2,234,12.0,1702,36,31,1086,824,56.9
Jack Eichel,22,BUF,C,77,28,54,82,-11,26,8.2,20,8,0,2,36,18,0,303,9.2,1574,51,70,597,673,47.0
Artemi Panarin,27,CBJ,LW,79,28,59,87,14,23,9.7,22,6,0,8,47,12,0,191,14.7,1569,17,14,1,3,25.0
Tyler Johnson,28,TBL,C,80,29,18,47,15,28,5.7,27,1,1,4,11,7,0,163,17.8,1276,32,50,230,243,48.6
Alexander Radulov,32,DAL,RW,70,29,43,72,22,54,9.1,22,7,0,7,27,16,0,209,13.9,1385,83,60,6,10,37.5
Patrik Laine,20,WPG,RW,82,30,20,50,-24,42,4.7,15,15,0,3,12,8,0,245,12.2,1413,44,70,11,19,36.7
Andreas Athanasiou,24,DET,C,76,30,24,54,-9,38,5.9,27,3,0,4,16,8,0,216,13.9,1290,26,33,171,228,42.9
Evander Kane,27,SJS,LW,75,30,26,56,-4,153,5.8,24,5,1,1,19,6,1,268,11.2,1381,25,173,92,120,43.4
Timo Meier,22,SJS,RW,78,30,36,66,9,55,7.4,24,6,0,2,31,4,1,250,12.0,1324,40,99,12,26,31.6
Mika Zibanejad,25,NYR,C,82,30,44,74,-12,47,7.3,17,11,2,5,32,12,0,236,12.7,1686,66,134,830,842,49.6
Sebastian Aho,21,CAR,C,82,30,53,83,25,26,9.8,23,3,4,7,31,21,1,243,12.3,1652,34,65,585,619,48.6
Jonathan Huberdeau,25,FLA,C,82,30,62,92,-14,40,9.1,19,11,0,5,39,23,0,226,13.3,1546,45,57,12,7,63.2
Mikko Rantanen,22,COL,RW,74,31,56,87,13,54,9.8,15,16,0,4,39,17,0,193,16.1,1542,41,59,17,29,37.0
Dylan Larkin,22,DET,C,76,32,41,73,-6,75,7.5,23,7,2,4,32,8,1,287,11.1,1660,38,80,865,722,54.5
Patrice Bergeron,33,BOS,C,65,32,47,79,23,30,10.1,19,9,4,3,26,18,3,205,15.6,1200,60,43,786,603,56.6
Brendan Gallagher,26,MTL,RW,82,33,19,52,10,49,6.5,29,4,0,4,16,3,0,302,10.9,1345,31,126,23,28,45.1
Vladimir Tarasenko,27,STL,RW,76,33,35,68,8,22,8.3,21,12,0,5,25,10,0,275,12.0,1398,40,88,4,2,66.7
Sean Couturier,26,PHI,C,80,33,43,76,2,34,7.8,24,8,1,5,34,9,0,223,14.8,1770,60,40,755,568,57.1
Tyler Seguin,27,DAL,C,82,33,47,80,17,18,9.7,24,9,0,8,29,18,0,334,9.9,1701,47,74,676,579,53.9
Viktor Arvidsson,25,NSH,LW,58,34,14,48,12,26,7.0,29,3,2,7,12,1,1,195,17.4,1110,23,18,2,15,11.8
Kyle Connor,22,WPG,LW,82,34,32,66,-7,18,7.0,22,11,1,5,24,8,0,227,15.0,1579,21,9,8,5,61.5
Gabriel Landeskog,26,COL,LW,73,34,41,75,17,51,9.0,24,10,0,9,24,17,0,243,14.0,1544,64,120,360,333,51.9
Matthew Tkachuk,21,CGY,LW,80,34,43,77,14,62,8.8,23,11,0,2,30,13,0,207,16.4,1408,13,104,6,7,46.2
Sean Monahan,24,CGY,C,78,34,48,82,7,12,8.9,22,12,0,5,37,11,0,211,16.1,1486,24,36,454,434,51.1
Tomas Hertl,25,SJS,C,77,35,39,74,5,18,8.3,23,11,1,5,34,4,1,176,19.9,1465,64,53,609,574,51.5
Jonathan Toews,30,CHI,C,82,35,46,81,2,40,8.3,25,9,1,5,32,14,0,235,14.9,1723,44,42,1059,821,56.3
Aleksander Barkov,23,FLA,C,82,35,61,96,-3,8,10.0,22,13,0,5,42,18,1,206,17.0,1833,61,28,1041,898,53.7
Sidney Crosby,31,PIT,C,79,35,65,100,18,36,11.4,23,12,0,3,46,17,2,220,15.9,1658,43,85,1012,814,55.4
Mike Hoffman,29,FLA,C,82,36,34,70,-24,30,7.3,19,17,0,6,16,18,0,253,14.2,1463,26,42,13,25,34.2
Johnny Gaudreau,25,CGY,LW,82,36,63,99,18,24,10.9,30,6,0,8,42,21,0,245,14.7,1646,12,12,1,2,33.3
Brad Marchand,30,BOS,LW,79,36,64,100,15,96,11.7,23,10,3,9,36,24,4,231,15.6,1550,19,46,45,60,42.9
Auston Matthews,21,TOR,C,68,37,36,73,-9,12,8.3,25,12,0,5,28,8,0,251,14.7,1262,60,28,475,436,52.1
Joe Pavelski,34,SJS,C,75,38,26,64,-4,22,7.3,25,12,1,6,17,9,0,188,20.2,1428,61,69,526,463,53.2
David Pastrnak,22,BOS,RW,66,38,43,81,6,32,10.2,21,17,0,4,27,16,0,235,16.2,1238,25,57,1,2,33.3
Mark Scheifele,25,WPG,C,82,38,46,84,8,38,9.4,26,12,0,6,32,11,3,199,19.1,1793,54,54,802,933,46.2
Jeff Skinner,26,BUF,C,82,40,23,63,0,36,8.0,32,8,0,7,15,8,0,268,14.9,1518,24,31,157,144,52.2
Jake Guentzel,24,PIT,C,82,40,36,76,13,26,9.4,33,6,1,4,31,5,0,227,17.6,1587,47,105,10,20,33.3
Cam Atkinson,29,CBJ,RW,80,41,28,69,3,20,8.8,29,8,4,8,22,6,0,295,13.9,1550,25,27,24,52,31.6
Alex DeBrincat,21,CHI,RW,82,41,35,76,0,15,8.8,28,13,0,3,24,11,0,220,18.6,1451,26,35,16,19,45.7
Brayden Point,22,TBL,C,79,41,51,92,27,28,11.4,21,20,0,7,36,15,0,191,21.5,1495,43,31,435,421,50.8
Nathan MacKinnon,23,COL,C,82,41,58,99,20,34,11.8,29,12,0,6,33,25,0,365,11.2,1812,31,54,518,666,43.8
Connor McDavid,22,EDM,C,78,41,75,116,3,20,13.0,31,9,1,9,50,24,1,240,17.1,1781,30,39,428,490,46.6
Nikita Kucherov,25,TBL,RW,82,41,87,128,24,62,14.6,26,15,0,8,54,33,0,246,16.7,1637,31,44,0,3,0.0
Patrick Kane,30,CHI,RW,81,44,66,110,2,22,11.8,35,9,0,7,45,21,0,341,12.9,1822,18,21,1,4,20.0
Steven Stamkos,28,TBL,C,82,45,53,98,4,37,11.5,24,19,2,6,32,21,0,234,19.2,1501,40,72,506,447,53.1
John Tavares,28,TOR,C,82,47,41,88,19,34,11.3,37,10,0,8,32,9,0,286,16.4,1565,53,59,833,694,54.6
Leon Draisaitl,23,EDM,C,82,50,55,105,2,52,12.6,31,16,3,5,42,13,0,231,21.6,1852,26,57,677,663,50.5
Alex Ovechkin,33,WSH,LW,81,51,38,89,7,40,11.0,33,18,0,5,28,10,0,338,15.1,1695,41,223,1,4,20.0
